Ville,Ligne,Type,Trajet,Ordre_arrêt,Nom_arrêt,Latitude,Longitude,Premier_départ,Dernier_départ,Fréquence,Horaires_complets
Ouagadougou,Ligne 1,Ordinaire,Karpala → Terminus Naaba Koom,1,Station SOGEL B,12.3871,-1.5241,05:45,18:35,"1h10 en semaine, 2h dim/fériés","05:45, 06:55, 08:05, 09:15, 10:25, 11:35, 12:45, 13:55"
Ouagadougou,Ligne 1,Ordinaire,Karpala → Terminus Naaba Koom,2,Palais de justice,12.3699,-1.5365,05:48,18:38,"1h10 en semaine, 2h dim/fériés","05:48, 06:58, 08:08, 09:18, 10:28, 11:38, 12:48, 13:58"
Ouagadougou,Ligne 1,Ordinaire,Karpala → Terminus Naaba Koom,3,Lycée Thomas Sankara,12.369,-1.541,05:51,18:41,"1h10 en semaine, 2h dim/fériés","05:51, 07:01, 08:11, 09:21, 10:31, 11:41, 12:51, 14:01"
Ouagadougou,Ligne 1,Ordinaire,Karpala → Terminus Naaba Koom,4,Clinique KASSAM,12.3685,-1.542,05:54,18:44,"1h10 en semaine, 2h dim/fériés","05:54, 07:04, 08:14, 09:24, 10:34, 11:44, 12:54, 14:04"
Ouagadougou,Ligne 1,Ordinaire,Karpala → Terminus Naaba Koom,5,Pharmacie magnificat,12.368,-1.543,05:57,18:47,"1h10 en semaine, 2h dim/fériés","05:57, 07:07, 08:17, 09:27, 10:37, 11:47, 12:57, 14:07"
Ouagadougou,Ligne 1,Ordinaire,Karpala → Terminus Naaba Koom,6,Station FAMA,12.3675,-1.544,06:00,18:50,"1h10 en semaine, 2h dim/fériés","06:00, 07:10, 08:20, 09:30, 10:40, 11:50, 13:00, 14:10"
Ouagadougou,Ligne 1,Ordinaire,Karpala → Terminus Naaba Koom,7,SOGEL B ancien terminus,12.387,-1.5245,06:03,18:53,"1h10 en semaine, 2h dim/fériés","06:03, 07:13, 08:23, 09:33, 10:43, 11:53, 13:03, 14:13"
Ouagadougou,Ligne 1,Ordinaire,Karpala → Terminus Naaba Koom,8,District sanitaire de Bogodogo,12.4,-1.52,06:06,18:56,"1h10 en semaine, 2h dim/fériés","06:06, 07:16, 08:26, 09:36, 10:46, 11:56, 13:06, 14:16"
Ouagadougou,Ligne 1,Ordinaire,Karpala → Terminus Naaba Koom,9,SIAO,12.385,-1.525,06:09,18:59,"1h10 en semaine, 2h dim/fériés","06:09, 07:19, 08:29, 09:39, 10:49, 11:59, 13:09, 14:19"
Ouagadougou,Ligne 1,Ordinaire,Karpala → Terminus Naaba Koom,10,Maison de la Femme,12.382,-1.528,06:12,19:02,"1h10 en semaine, 2h dim/fériés","06:12, 07:22, 08:32, 09:42, 10:52, 12:02, 13:12, 14:22"
Ouagadougou,Ligne 1,Ordinaire,Karpala → Terminus Naaba Koom,11,Hôpital pédiatrique,12.365,-1.55,06:15,19:05,"1h10 en semaine, 2h dim/fériés","06:15, 07:25, 08:35, 09:45, 10:55, 12:05, 13:15, 14:25"
Ouagadougou,Ligne 1,Ordinaire,Karpala → Terminus Naaba Koom,12,Av. Charles de Gaulle,12.364,-1.551,06:18,19:08,"1h10 en semaine, 2h dim/fériés","06:18, 07:28, 08:38, 09:48, 10:58, 12:08, 13:18, 14:28"
Ouagadougou,Ligne 1,Ordinaire,Karpala → Terminus Naaba Koom,13,SP/CNLS,12.362,-1.5515,06:21,19:11,"1h10 en semaine, 2h dim/fériés","06:21, 07:31, 08:41, 09:51, 11:01, 12:11, 13:21, 14:31"
Ouagadougou,Ligne 1,Ordinaire,Karpala → Terminus Naaba Koom,14,OST,12.36,-1.552,06:24,19:14,"1h10 en semaine, 2h dim/fériés","06:24, 07:34, 08:44, 09:54, 11:04, 12:14, 13:24, 14:34"
Ouagadougou,Ligne 1,Ordinaire,Karpala → Terminus Naaba Koom,15,Av. de l'indépendance,12.359,-1.5415,06:27,19:17,"1h10 en semaine, 2h dim/fériés","06:27, 07:37, 08:47, 09:57, 11:07, 12:17, 13:27, 14:37"
Ouagadougou,Ligne 1,Ordinaire,Karpala → Terminus Naaba Koom,16,Trésor public,12.3582,-1.5405,06:30,19:20,"1h10 en semaine, 2h dim/fériés","06:30, 07:40, 08:50, 10:00, 11:10, 12:20, 13:30, 14:40"
Ouagadougou,Ligne 1,Ordinaire,Karpala → Terminus Naaba Koom,17,DG Police Nationale,12.3578,-1.5385,06:33,19:23,"1h10 en semaine, 2h dim/fériés","06:33, 07:43, 08:53, 10:03, 11:13, 12:23, 13:33, 14:43"
Ouagadougou,Ligne 1,Ordinaire,Karpala → Terminus Naaba Koom,18,SONAPOST siège,12.3576,-1.537,06:36,19:26,"1h10 en semaine, 2h dim/fériés","06:36, 07:46, 08:56, 10:06, 11:16, 12:26, 13:36, 14:46"
Ouagadougou,Ligne 1,Ordinaire,Karpala → Terminus Naaba Koom,19,Maison du peuple,12.3575,-1.536,06:39,19:29,"1h10 en semaine, 2h dim/fériés","06:39, 07:49, 08:59, 10:09, 11:19, 12:29, 13:39, 14:49"
Ouagadougou,Ligne 1,Ordinaire,Karpala → Terminus Naaba Koom,20,Terminus Naaba Koom,12.3545,-1.531,06:42,19:32,"1h10 en semaine, 2h dim/fériés","06:42, 07:52, 09:02, 10:12, 11:22, 12:32, 13:42, 14:52"
Ouagadougou,Ligne 2,Ordinaire,Yamtenga → Terminus Naaba Koom,1,Yamtenga (lycée communal),12.4144,-1.4949,05:45,18:35,"1h10 en semaine, 2h dim/fériés","05:45, 06:55, 08:05, 09:15, 10:25, 11:35, 12:45, 13:55"
Ouagadougou,Ligne 2,Ordinaire,Yamtenga → Terminus Naaba Koom,2,Katre Yare,12.41,-1.5,05:48,18:38,"1h10 en semaine, 2h dim/fériés","05:48, 06:58, 08:08, 09:18, 10:28, 11:38, 12:48, 13:58"
Ouagadougou,Ligne 2,Ordinaire,Yamtenga → Terminus Naaba Koom,3,Mairie de Bogodogo,12.405,-1.51,05:51,18:41,"1h10 en semaine, 2h dim/fériés","05:51, 07:01, 08:11, 09:21, 10:31, 11:41, 12:51, 14:01"
Ouagadougou,Ligne 2,Ordinaire,Yamtenga → Terminus Naaba Koom,4,Village artisanal,12.402,-1.515,05:54,18:44,"1h10 en semaine, 2h dim/fériés","05:54, 07:04, 08:14, 09:24, 10:34, 11:44, 12:54, 14:04"
Ouagadougou,Ligne 2,Ordinaire,Yamtenga → Terminus Naaba Koom,5,District sanitaire de Bogodogo DR SONABEL,12.4,-1.52,05:57,18:47,"1h10 en semaine, 2h dim/fériés","05:57, 07:07, 08:17, 09:27, 10:37, 11:47, 12:57, 14:07"
Ouagadougou,Ligne 2,Ordinaire,Yamtenga → Terminus Naaba Koom,6,Ouaga inter,12.38,-1.53,06:00,18:50,"1h10 en semaine, 2h dim/fériés","06:00, 07:10, 08:20, 09:30, 10:40, 11:50, 13:00, 14:10"
Ouagadougou,Ligne 2,Ordinaire,Yamtenga → Terminus Naaba Koom,7,Rond-point de la Patte d'Oie,12.353,-1.549,06:03,18:53,"1h10 en semaine, 2h dim/fériés","06:03, 07:13, 08:23, 09:33, 10:43, 11:53, 13:03, 14:13"
Ouagadougou,Ligne 2,Ordinaire,Yamtenga → Terminus Naaba Koom,8,AV Basawarga,12.355,-1.545,06:06,18:56,"1h10 en semaine, 2h dim/fériés","06:06, 07:16, 08:26, 09:36, 10:46, 11:56, 13:06, 14:16"
Ouagadougou,Ligne 2,Ordinaire,Yamtenga → Terminus Naaba Koom,9,Château du Mogho Naba,12.356,-1.542,06:09,18:59,"1h10 en semaine, 2h dim/fériés","06:09, 07:19, 08:29, 09:39, 10:49, 11:59, 13:09, 14:19"
Ouagadougou,Ligne 2,Ordinaire,Yamtenga → Terminus Naaba Koom,10,Station OILYBIA,12.3563,-1.5395,06:12,19:02,"1h10 en semaine, 2h dim/fériés","06:12, 07:22, 08:32, 09:42, 10:52, 12:02, 13:12, 14:22"
Ouagadougou,Ligne 2,Ordinaire,Yamtenga → Terminus Naaba Koom,11,Grande mosquée de Ouaga,12.3565,-1.538,06:15,19:05,"1h10 en semaine, 2h dim/fériés","06:15, 07:25, 08:35, 09:45, 10:55, 12:05, 13:15, 14:25"
Ouagadougou,Ligne 2,Ordinaire,Yamtenga → Terminus Naaba Koom,12,Église centrale des Assemblées de Dieu,12.3555,-1.534,06:18,19:08,"1h10 en semaine, 2h dim/fériés","06:18, 07:28, 08:38, 09:48, 10:58, 12:08, 13:18, 14:28"
Ouagadougou,Ligne 2,Ordinaire,Yamtenga → Terminus Naaba Koom,13,Terminus Naaba Koom,12.3545,-1.531,06:21,19:11,"1h10 en semaine, 2h dim/fériés","06:21, 07:31, 08:41, 09:51, 11:01, 12:11, 13:21, 14:31"
Ouagadougou,Ligne 2B,Ordinaire,Balkuy → Terminus Naaba Koom,1,Balkuy,12.434,-1.514,05:45,18:35,"1h10 en semaine, 2h dim/fériés","05:45, 06:55, 08:05, 09:15, 10:25, 11:35, 12:45, 13:55"
Ouagadougou,Ligne 2B,Ordinaire,Balkuy → Terminus Naaba Koom,2,Trame d'accueil Ouaga 2000,12.3203,-1.5475,05:48,18:38,"1h10 en semaine, 2h dim/fériés","05:48, 06:58, 08:08, 09:18, 10:28, 11:38, 12:48, 13:58"
Ouagadougou,Ligne 2B,Ordinaire,Balkuy → Terminus Naaba Koom,3,Camp Baba SY,12.325,-1.545,05:51,18:41,"1h10 en semaine, 2h dim/fériés","05:51, 07:01, 08:11, 09:21, 10:31, 11:41, 12:51, 14:01"
Ouagadougou,Ligne 2B,Ordinaire,Balkuy → Terminus Naaba Koom,4,IAM Ouaga 2000,12.328,-1.543,05:54,18:44,"1h10 en semaine, 2h dim/fériés","05:54, 07:04, 08:14, 09:24, 10:34, 11:44, 12:54, 14:04"
Ouagadougou,Ligne 2B,Ordinaire,Balkuy → Terminus Naaba Koom,5,Échangeur du Sud,12.33,-1.54,05:57,18:47,"1h10 en semaine, 2h dim/fériés","05:57, 07:07, 08:17, 09:27, 10:37, 11:47, 12:57, 14:07"
Ouagadougou,Ligne 2B,Ordinaire,Balkuy → Terminus Naaba Koom,6,DR SONABEL,12.335,-1.535,06:00,18:50,"1h10 en semaine, 2h dim/fériés","06:00, 07:10, 08:20, 09:30, 10:40, 11:50, 13:00, 14:10"
Ouagadougou,Ligne 2B,Ordinaire,Balkuy → Terminus Naaba Koom,7,Plan Burkina,12.34,-1.532,06:03,18:53,"1h10 en semaine, 2h dim/fériés","06:03, 07:13, 08:23, 09:33, 10:43, 11:53, 13:03, 14:13"
Ouagadougou,Ligne 2B,Ordinaire,Balkuy → Terminus Naaba Koom,8,PETROFA ZAD,12.345,-1.529,06:06,18:56,"1h10 en semaine, 2h dim/fériés","06:06, 07:16, 08:26, 09:36, 10:46, 11:56, 13:06, 14:16"
Ouagadougou,Ligne 2B,Ordinaire,Balkuy → Terminus Naaba Koom,9,Gare Rahimo,12.383,-1.5085,06:09,18:59,"1h10 en semaine, 2h dim/fériés","06:09, 07:19, 08:29, 09:39, 10:49, 11:59, 13:09, 14:19"
Ouagadougou,Ligne 2B,Ordinaire,Balkuy → Terminus Naaba Koom,10,Clinique Sandof,12.38,-1.52,06:12,19:02,"1h10 en semaine, 2h dim/fériés","06:12, 07:22, 08:32, 09:42, 10:52, 12:02, 13:12, 14:22"
Ouagadougou,Ligne 2B,Ordinaire,Balkuy → Terminus Naaba Koom,11,Saint Camille,12.378,-1.525,06:15,19:05,"1h10 en semaine, 2h dim/fériés","06:15, 07:25, 08:35, 09:45, 10:55, 12:05, 13:15, 14:25"
Ouagadougou,Ligne 2B,Ordinaire,Balkuy → Terminus Naaba Koom,12,Alimentation la surface,12.376,-1.53,06:18,19:08,"1h10 en semaine, 2h dim/fériés","06:18, 07:28, 08:38, 09:48, 10:58, 12:08, 13:18, 14:28"
Ouagadougou,Ligne 2B,Ordinaire,Balkuy → Terminus Naaba Koom,13,Marché de Zogona,12.373,-1.535,06:21,19:11,"1h10 en semaine, 2h dim/fériés","06:21, 07:31, 08:41, 09:51, 11:01, 12:11, 13:21, 14:31"
Ouagadougou,Ligne 2B,Ordinaire,Balkuy → Terminus Naaba Koom,14,Zone du Bois,12.365,-1.545,06:24,19:14,"1h10 en semaine, 2h dim/fériés","06:24, 07:34, 08:44, 09:54, 11:04, 12:14, 13:24, 14:34"
Ouagadougou,Ligne 2B,Ordinaire,Balkuy → Terminus Naaba Koom,15,CHU Yalgado,12.36,-1.552,06:27,19:17,"1h10 en semaine, 2h dim/fériés","06:27, 07:37, 08:47, 09:57, 11:07, 12:17, 13:27, 14:37"
Ouagadougou,Ligne 2B,Ordinaire,Balkuy → Terminus Naaba Koom,16,SP/CNLS,12.362,-1.5515,06:30,19:20,"1h10 en semaine, 2h dim/fériés","06:30, 07:40, 08:50, 10:00, 11:10, 12:20, 13:30, 14:40"
Ouagadougou,Ligne 2B,Ordinaire,Balkuy → Terminus Naaba Koom,17,OST,12.36,-1.552,06:33,19:23,"1h10 en semaine, 2h dim/fériés","06:33, 07:43, 08:53, 10:03, 11:13, 12:23, 13:33, 14:43"
Ouagadougou,Ligne 2B,Ordinaire,Balkuy → Terminus Naaba Koom,18,Av. de l'indépendance,12.359,-1.5415,06:36,19:26,"1h10 en semaine, 2h dim/fériés","06:36, 07:46, 08:56, 10:06, 11:16, 12:26, 13:36, 14:46"
Ouagadougou,Ligne 2B,Ordinaire,Balkuy → Terminus Naaba Koom,19,Trésor public,12.3582,-1.5405,06:39,19:29,"1h10 en semaine, 2h dim/fériés","06:39, 07:49, 08:59, 10:09, 11:19, 12:29, 13:39, 14:49"
Ouagadougou,Ligne 2B,Ordinaire,Balkuy → Terminus Naaba Koom,20,DG Police Nationale,12.3578,-1.5385,06:42,19:32,"1h10 en semaine, 2h dim/fériés","06:42, 07:52, 09:02, 10:12, 11:22, 12:32, 13:42, 14:52"
Ouagadougou,Ligne 2B,Ordinaire,Balkuy → Terminus Naaba Koom,21,SONAPOST siège,12.3576,-1.537,06:45,19:35,"1h10 en semaine, 2h dim/fériés","06:45, 07:55, 09:05, 10:15, 11:25, 12:35, 13:45, 14:55"
Ouagadougou,Ligne 2B,Ordinaire,Balkuy → Terminus Naaba Koom,22,Maison du peuple,12.3575,-1.536,06:48,19:38,"1h10 en semaine, 2h dim/fériés","06:48, 07:58, 09:08, 10:18, 11:28, 12:38, 13:48, 14:58"
Ouagadougou,Ligne 2B,Ordinaire,Balkuy → Terminus Naaba Koom,23,Terminus Naaba Koom,12.3545,-1.531,06:51,19:41,"1h10 en semaine, 2h dim/fériés","06:51, 08:01, 09:11, 10:21, 11:31, 12:41, 13:51, 15:01"
Ouagadougou,Ligne 6,Ordinaire,Koulweoguin → Terminus Naaba Koom,1,Château d'eau Koulwéoghin,12.42,-1.48,05:45,18:35,"1h10 en semaine, 2h dim/fériés","05:45, 06:55, 08:05, 09:15, 10:25, 11:35, 12:45, 13:55"
Ouagadougou,Ligne 6,Ordinaire,Koulweoguin → Terminus Naaba Koom,2,Marché Tanghin,12.41,-1.49,05:48,18:38,"1h10 en semaine, 2h dim/fériés","05:48, 06:58, 08:08, 09:18, 10:28, 11:38, 12:48, 13:58"
Ouagadougou,Ligne 6,Ordinaire,Koulweoguin → Terminus Naaba Koom,3,SONABEL,12.39,-1.51,05:51,18:41,"1h10 en semaine, 2h dim/fériés","05:51, 07:01, 08:11, 09:21, 10:31, 11:41, 12:51, 14:01"
Ouagadougou,Ligne 6,Ordinaire,Koulweoguin → Terminus Naaba Koom,4,Av. de la liberté,12.37,-1.53,05:54,18:44,"1h10 en semaine, 2h dim/fériés","05:54, 07:04, 08:14, 09:24, 10:34, 11:44, 12:54, 14:04"
Ouagadougou,Ligne 6,Ordinaire,Koulweoguin → Terminus Naaba Koom,5,ONATEL,12.36,-1.54,05:57,18:47,"1h10 en semaine, 2h dim/fériés","05:57, 07:07, 08:17, 09:27, 10:37, 11:47, 12:57, 14:07"
Ouagadougou,Ligne 6,Ordinaire,Koulweoguin → Terminus Naaba Koom,6,Terminus Naaba Koom,12.3545,-1.531,06:00,18:50,"1h10 en semaine, 2h dim/fériés","06:00, 07:10, 08:20, 09:30, 10:40, 11:50, 13:00, 14:10"
Ouagadougou,Ligne 6B,Ordinaire,Voie de contournement (Route de Kaya) → Terminus Naaba Koom,1,Voie contournement,12.45,-1.47,05:45,18:35,"1h10 en semaine, 2h dim/fériés","05:45, 06:55, 08:05, 09:15, 10:25, 11:35, 12:45, 13:55"
Ouagadougou,Ligne 6B,Ordinaire,Voie de contournement (Route de Kaya) → Terminus Naaba Koom,2,Marché Nioko,12.43,-1.49,05:48,18:38,"1h10 en semaine, 2h dim/fériés","05:48, 06:58, 08:08, 09:18, 10:28, 11:38, 12:48, 13:58"
Ouagadougou,Ligne 6B,Ordinaire,Voie de contournement (Route de Kaya) → Terminus Naaba Koom,3,Cité universitaire Kossodo,12.41,-1.5,05:51,18:41,"1h10 en semaine, 2h dim/fériés","05:51, 07:01, 08:11, 09:21, 10:31, 11:41, 12:51, 14:01"
Ouagadougou,Ligne 6B,Ordinaire,Voie de contournement (Route de Kaya) → Terminus Naaba Koom,4,CHU Yalgado,12.36,-1.552,05:54,18:44,"1h10 en semaine, 2h dim/fériés","05:54, 07:04, 08:14, 09:24, 10:34, 11:44, 12:54, 14:04"
Ouagadougou,Ligne 6B,Ordinaire,Voie de contournement (Route de Kaya) → Terminus Naaba Koom,5,OST,12.36,-1.552,05:57,18:47,"1h10 en semaine, 2h dim/fériés","05:57, 07:07, 08:17, 09:27, 10:37, 11:47, 12:57, 14:07"
Ouagadougou,Ligne 6B,Ordinaire,Voie de contournement (Route de Kaya) → Terminus Naaba Koom,6,Trésor public,12.3582,-1.5405,06:00,18:50,"1h10 en semaine, 2h dim/fériés","06:00, 07:10, 08:20, 09:30, 10:40, 11:50, 13:00, 14:10"
Ouagadougou,Ligne 6B,Ordinaire,Voie de contournement (Route de Kaya) → Terminus Naaba Koom,7,DG Police nationale,12.3578,-1.5385,06:03,18:53,"1h10 en semaine, 2h dim/fériés","06:03, 07:13, 08:23, 09:33, 10:43, 11:53, 13:03, 14:13"
Ouagadougou,Ligne 6B,Ordinaire,Voie de contournement (Route de Kaya) → Terminus Naaba Koom,8,Terminus Naaba Koom,12.3545,-1.531,06:06,18:56,"1h10 en semaine, 2h dim/fériés","06:06, 07:16, 08:26, 09:36, 10:46, 11:56, 13:06, 14:16"
Ouagadougou,Ligne 9,Ordinaire,Saaba → Terminus Naaba Koom,1,Saaba mairie,12.47,-1.42,05:45,18:35,"1h10 en semaine, 2h dim/fériés","05:45, 06:55, 08:05, 09:15, 10:25, 11:35, 12:45, 13:55"
Ouagadougou,Ligne 9,Ordinaire,Saaba → Terminus Naaba Koom,2,Marché Saaba,12.468,-1.425,05:48,18:38,"1h10 en semaine, 2h dim/fériés","05:48, 06:58, 08:08, 09:18, 10:28, 11:38, 12:48, 13:58"
Ouagadougou,Ligne 9,Ordinaire,Saaba → Terminus Naaba Koom,3,Station OTAM,12.45,-1.45,05:51,18:41,"1h10 en semaine, 2h dim/fériés","05:51, 07:01, 08:11, 09:21, 10:31, 11:41, 12:51, 14:01"
Ouagadougou,Ligne 9,Ordinaire,Saaba → Terminus Naaba Koom,4,Musée national,12.38,-1.52,05:54,18:44,"1h10 en semaine, 2h dim/fériés","05:54, 07:04, 08:14, 09:24, 10:34, 11:44, 12:54, 14:04"
Ouagadougou,Ligne 9,Ordinaire,Saaba → Terminus Naaba Koom,5,Pharmacie Trinité,12.37,-1.53,05:57,18:47,"1h10 en semaine, 2h dim/fériés","05:57, 07:07, 08:17, 09:27, 10:37, 11:47, 12:57, 14:07"
Ouagadougou,Ligne 9,Ordinaire,Saaba → Terminus Naaba Koom,6,Archevêché,12.36,-1.535,06:00,18:50,"1h10 en semaine, 2h dim/fériés","06:00, 07:10, 08:20, 09:30, 10:40, 11:50, 13:00, 14:10"
Ouagadougou,Ligne 9,Ordinaire,Saaba → Terminus Naaba Koom,7,Terminus Naaba Koom,12.3545,-1.531,06:03,18:53,"1h10 en semaine, 2h dim/fériés","06:03, 07:13, 08:23, 09:33, 10:43, 11:53, 13:03, 14:13"
Ouagadougou,Ligne 10,Ordinaire,CHU Tengandogo → Zone des écoles,1,CHU Tengandogo,12.32,-1.51,05:45,18:35,"1h10 en semaine, 2h dim/fériés","05:45, 06:55, 08:05, 09:15, 10:25, 11:35, 12:45, 13:55"
Ouagadougou,Ligne 10,Ordinaire,CHU Tengandogo → Zone des écoles,2,Rond-point Patte d'Oie,12.353,-1.549,05:48,18:38,"1h10 en semaine, 2h dim/fériés","05:48, 06:58, 08:08, 09:18, 10:28, 11:38, 12:48, 13:58"
Ouagadougou,Ligne 10,Ordinaire,CHU Tengandogo → Zone des écoles,3,Place de la Nation,12.365,-1.542,05:51,18:41,"1h10 en semaine, 2h dim/fériés","05:51, 07:01, 08:11, 09:21, 10:31, 11:41, 12:51, 14:01"
Ouagadougou,Ligne 10,Ordinaire,CHU Tengandogo → Zone des écoles,4,Maison du peuple,12.3575,-1.536,05:54,18:44,"1h10 en semaine, 2h dim/fériés","05:54, 07:04, 08:14, 09:24, 10:34, 11:44, 12:54, 14:04"
Ouagadougou,Ligne 10,Ordinaire,CHU Tengandogo → Zone des écoles,5,DG Police nationale,12.3578,-1.5385,05:57,18:47,"1h10 en semaine, 2h dim/fériés","05:57, 07:07, 08:17, 09:27, 10:37, 11:47, 12:57, 14:07"
Ouagadougou,Ligne 10,Ordinaire,CHU Tengandogo → Zone des écoles,6,Terminus Zone des écoles,12.352,-1.525,06:00,18:50,"1h10 en semaine, 2h dim/fériés","06:00, 07:10, 08:20, 09:30, 10:40, 11:50, 13:00, 14:10"
Ouagadougou,Ligne 11,Ordinaire,SOPEDIS Rimkiéta → Terminus Naaba Koom,1,Station SOPEDIS Rimkiéta,12.48,-1.45,05:45,18:35,"1h10 en semaine, 2h dim/fériés","05:45, 06:55, 08:05, 09:15, 10:25, 11:35, 12:45, 13:55"
Ouagadougou,Ligne 11,Ordinaire,SOPEDIS Rimkiéta → Terminus Naaba Koom,2,Rond-point Rimkiéta,12.47,-1.46,05:48,18:38,"1h10 en semaine, 2h dim/fériés","05:48, 06:58, 08:08, 09:18, 10:28, 11:38, 12:48, 13:58"
Ouagadougou,Ligne 11,Ordinaire,SOPEDIS Rimkiéta → Terminus Naaba Koom,3,Marché central,12.4,-1.5,05:51,18:41,"1h10 en semaine, 2h dim/fériés","05:51, 07:01, 08:11, 09:21, 10:31, 11:41, 12:51, 14:01"
Ouagadougou,Ligne 11,Ordinaire,SOPEDIS Rimkiéta → Terminus Naaba Koom,4,Zone commerciale,12.38,-1.52,05:54,18:44,"1h10 en semaine, 2h dim/fériés","05:54, 07:04, 08:14, 09:24, 10:34, 11:44, 12:54, 14:04"
Ouagadougou,Ligne 11,Ordinaire,SOPEDIS Rimkiéta → Terminus Naaba Koom,5,Terminus Naaba Koom,12.3545,-1.531,05:57,18:47,"1h10 en semaine, 2h dim/fériés","05:57, 07:07, 08:17, 09:27, 10:37, 11:47, 12:57, 14:07"
Ouagadougou,Ligne 12,Ordinaire,Bonheur Ville → Zone des écoles,1,Rond-point de la Transition,12.4,-1.48,05:45,18:35,"1h10 en semaine, 2h dim/fériés","05:45, 06:55, 08:05, 09:15, 10:25, 11:35, 12:45, 13:55"
Ouagadougou,Ligne 12,Ordinaire,Bonheur Ville → Zone des écoles,2,75ème anniversaire,12.395,-1.485,05:48,18:38,"1h10 en semaine, 2h dim/fériés","05:48, 06:58, 08:08, 09:18, 10:28, 11:38, 12:48, 13:58"
Ouagadougou,Ligne 12,Ordinaire,Bonheur Ville → Zone des écoles,3,Savane FM,12.39,-1.49,05:51,18:41,"1h10 en semaine, 2h dim/fériés","05:51, 07:01, 08:11, 09:21, 10:31, 11:41, 12:51, 14:01"
Ouagadougou,Ligne 12,Ordinaire,Bonheur Ville → Zone des écoles,4,Station PETROFA Cissin,12.385,-1.495,05:54,18:44,"1h10 en semaine, 2h dim/fériés","05:54, 07:04, 08:14, 09:24, 10:34, 11:44, 12:54, 14:04"
Ouagadougou,Ligne 12,Ordinaire,Bonheur Ville → Zone des écoles,5,Lycée Mixte de Gounghin,12.38,-1.5,05:57,18:47,"1h10 en semaine, 2h dim/fériés","05:57, 07:07, 08:17, 09:27, 10:37, 11:47, 12:57, 14:07"
Ouagadougou,Ligne 12,Ordinaire,Bonheur Ville → Zone des écoles,6,Stade René MONORY,12.375,-1.505,06:00,18:50,"1h10 en semaine, 2h dim/fériés","06:00, 07:10, 08:20, 09:30, 10:40, 11:50, 13:00, 14:10"
Ouagadougou,Ligne 12,Ordinaire,Bonheur Ville → Zone des écoles,7,Terrain du Mogho Naba,12.37,-1.51,06:03,18:53,"1h10 en semaine, 2h dim/fériés","06:03, 07:13, 08:23, 09:33, 10:43, 11:53, 13:03, 14:13"
Ouagadougou,Ligne 12,Ordinaire,Bonheur Ville → Zone des écoles,8,Cathédrale,12.368,-1.52,06:06,18:56,"1h10 en semaine, 2h dim/fériés","06:06, 07:16, 08:26, 09:36, 10:46, 11:56, 13:06, 14:16"
Ouagadougou,Ligne 12,Ordinaire,Bonheur Ville → Zone des écoles,9,Hôtel de ville,12.367,-1.53,06:09,18:59,"1h10 en semaine, 2h dim/fériés","06:09, 07:19, 08:29, 09:39, 10:49, 11:59, 13:09, 14:19"
Ouagadougou,Ligne 12,Ordinaire,Bonheur Ville → Zone des écoles,10,SOBCA,12.366,-1.535,06:12,19:02,"1h10 en semaine, 2h dim/fériés","06:12, 07:22, 08:32, 09:42, 10:52, 12:02, 13:12, 14:22"
Ouagadougou,Ligne 12,Ordinaire,Bonheur Ville → Zone des écoles,11,Rond-point des Nations Unies,12.365,-1.538,06:15,19:05,"1h10 en semaine, 2h dim/fériés","06:15, 07:25, 08:35, 09:45, 10:55, 12:05, 13:15, 14:25"
Ouagadougou,Ligne 12,Ordinaire,Bonheur Ville → Zone des écoles,12,DG Police nationale,12.3578,-1.5385,06:18,19:08,"1h10 en semaine, 2h dim/fériés","06:18, 07:28, 08:38, 09:48, 10:58, 12:08, 13:18, 14:28"
Ouagadougou,Ligne 12,Ordinaire,Bonheur Ville → Zone des écoles,13,Terminus Zone des écoles,12.352,-1.525,06:21,19:11,"1h10 en semaine, 2h dim/fériés","06:21, 07:31, 08:41, 09:51, 11:01, 12:11, 13:21, 14:31"
Ouagadougou,Ligne 13,Ordinaire,Kamboinsin → Zone des écoles,1,Terminus PMK,12.45,-1.43,05:45,18:35,"1h10 en semaine, 2h dim/fériés","05:45, 06:55, 08:05, 09:15, 10:25, 11:35, 12:45, 13:55"
Ouagadougou,Ligne 13,Ordinaire,Kamboinsin → Zone des écoles,2,Station ORYX,12.445,-1.435,05:48,18:38,"1h10 en semaine, 2h dim/fériés","05:48, 06:58, 08:08, 09:18, 10:28, 11:38, 12:48, 13:58"
Ouagadougou,Ligne 13,Ordinaire,Kamboinsin → Zone des écoles,3,Marché de Kamboinsin,12.44,-1.44,05:51,18:41,"1h10 en semaine, 2h dim/fériés","05:51, 07:01, 08:11, 09:21, 10:31, 11:41, 12:51, 14:01"
Ouagadougou,Ligne 13,Ordinaire,Kamboinsin → Zone des écoles,4,Séminaire de Kossoghin,12.43,-1.45,05:54,18:44,"1h10 en semaine, 2h dim/fériés","05:54, 07:04, 08:14, 09:24, 10:34, 11:44, 12:54, 14:04"
Ouagadougou,Ligne 13,Ordinaire,Kamboinsin → Zone des écoles,5,Hôpital Paul 6,12.42,-1.46,05:57,18:47,"1h10 en semaine, 2h dim/fériés","05:57, 07:07, 08:17, 09:27, 10:37, 11:47, 12:57, 14:07"
Ouagadougou,Ligne 13,Ordinaire,Kamboinsin → Zone des écoles,6,Échangeur du Nord,12.41,-1.47,06:00,18:50,"1h10 en semaine, 2h dim/fériés","06:00, 07:10, 08:20, 09:30, 10:40, 11:50, 13:00, 14:10"
Ouagadougou,Ligne 13,Ordinaire,Kamboinsin → Zone des écoles,7,Caisse populaire de Nonsin,12.4,-1.48,06:03,18:53,"1h10 en semaine, 2h dim/fériés","06:03, 07:13, 08:23, 09:33, 10:43, 11:53, 13:03, 14:13"
Ouagadougou,Ligne 13,Ordinaire,Kamboinsin → Zone des écoles,8,Marché de 10 yaar,12.39,-1.49,06:06,18:56,"1h10 en semaine, 2h dim/fériés","06:06, 07:16, 08:26, 09:36, 10:46, 11:56, 13:06, 14:16"
Ouagadougou,Ligne 13,Ordinaire,Kamboinsin → Zone des écoles,9,Marché de Larlé,12.38,-1.5,06:09,18:59,"1h10 en semaine, 2h dim/fériés","06:09, 07:19, 08:29, 09:39, 10:49, 11:59, 13:09, 14:19"
Ouagadougou,Ligne 13,Ordinaire,Kamboinsin → Zone des écoles,10,Lycée Marien N'Gouabi,12.37,-1.51,06:12,19:02,"1h10 en semaine, 2h dim/fériés","06:12, 07:22, 08:32, 09:42, 10:52, 12:02, 13:12, 14:22"
Ouagadougou,Ligne 13,Ordinaire,Kamboinsin → Zone des écoles,11,Place de la Nation,12.365,-1.542,06:15,19:05,"1h10 en semaine, 2h dim/fériés","06:15, 07:25, 08:35, 09:45, 10:55, 12:05, 13:15, 14:25"
Ouagadougou,Ligne 13,Ordinaire,Kamboinsin → Zone des écoles,12,Maison du peuple,12.3575,-1.536,06:18,19:08,"1h10 en semaine, 2h dim/fériés","06:18, 07:28, 08:38, 09:48, 10:58, 12:08, 13:18, 14:28"
Ouagadougou,Ligne 13,Ordinaire,Kamboinsin → Zone des écoles,13,Rond-point des Nations Unies,12.365,-1.538,06:21,19:11,"1h10 en semaine, 2h dim/fériés","06:21, 07:31, 08:41, 09:51, 11:01, 12:11, 13:21, 14:31"
Ouagadougou,Ligne 13,Ordinaire,Kamboinsin → Zone des écoles,14,DG Police Nationale,12.3578,-1.5385,06:24,19:14,"1h10 en semaine, 2h dim/fériés","06:24, 07:34, 08:44, 09:54, 11:04, 12:14, 13:24, 14:34"
Ouagadougou,Ligne 13,Ordinaire,Kamboinsin → Zone des écoles,15,Terminus Zone des écoles,12.352,-1.525,06:27,19:17,"1h10 en semaine, 2h dim/fériés","06:27, 07:37, 08:47, 09:57, 11:07, 12:17, 13:27, 14:37"
Ouagadougou,Ligne 15,Ordinaire,Naaba Koom → Belle Ville (Watinoma),1,Naaba Koom,12.3545,-1.531,05:45,18:35,"1h10 en semaine, 2h dim/fériés","05:45, 06:55, 08:05, 09:15, 10:25, 11:35, 12:45, 13:55"
Ouagadougou,Ligne 15,Ordinaire,Naaba Koom → Belle Ville (Watinoma),2,AV. Mgr Thevenoud,12.355,-1.532,05:48,18:38,"1h10 en semaine, 2h dim/fériés","05:48, 06:58, 08:08, 09:18, 10:28, 11:38, 12:48, 13:58"
Ouagadougou,Ligne 15,Ordinaire,Naaba Koom → Belle Ville (Watinoma),3,Stade municipal,12.356,-1.533,05:51,18:41,"1h10 en semaine, 2h dim/fériés","05:51, 07:01, 08:11, 09:21, 10:31, 11:41, 12:51, 14:01"
Ouagadougou,Ligne 15,Ordinaire,Naaba Koom → Belle Ville (Watinoma),4,Terrain Mogho Naaba,12.357,-1.534,05:54,18:44,"1h10 en semaine, 2h dim/fériés","05:54, 07:04, 08:14, 09:24, 10:34, 11:44, 12:54, 14:04"
Ouagadougou,Ligne 15,Ordinaire,Naaba Koom → Belle Ville (Watinoma),5,Naab Raaga,12.358,-1.535,05:57,18:47,"1h10 en semaine, 2h dim/fériés","05:57, 07:07, 08:17, 09:27, 10:37, 11:47, 12:57, 14:07"
Ouagadougou,Ligne 15,Ordinaire,Naaba Koom → Belle Ville (Watinoma),6,Mosquée Saha,12.359,-1.536,06:00,18:50,"1h10 en semaine, 2h dim/fériés","06:00, 07:10, 08:20, 09:30, 10:40, 11:50, 13:00, 14:10"
Ouagadougou,Ligne 15,Ordinaire,Naaba Koom → Belle Ville (Watinoma),7,CNSS,12.36,-1.537,06:03,18:53,"1h10 en semaine, 2h dim/fériés","06:03, 07:13, 08:23, 09:33, 10:43, 11:53, 13:03, 14:13"
Ouagadougou,Ligne 15,Ordinaire,Naaba Koom → Belle Ville (Watinoma),8,Rond-point des Tensoba (Patte d'Oie),12.353,-1.549,06:06,18:56,"1h10 en semaine, 2h dim/fériés","06:06, 07:16, 08:26, 09:36, 10:46, 11:56, 13:06, 14:16"
Ouagadougou,Ligne 15,Ordinaire,Naaba Koom → Belle Ville (Watinoma),9,Feu tricolore Cité ASECNA,12.352,-1.55,06:09,18:59,"1h10 en semaine, 2h dim/fériés","06:09, 07:19, 08:29, 09:39, 10:49, 11:59, 13:09, 14:19"
Ouagadougou,Ligne 15,Ordinaire,Naaba Koom → Belle Ville (Watinoma),10,Cité ASECNA,12.351,-1.551,06:12,19:02,"1h10 en semaine, 2h dim/fériés","06:12, 07:22, 08:32, 09:42, 10:52, 12:02, 13:12, 14:22"
Ouagadougou,Ligne 15,Ordinaire,Naaba Koom → Belle Ville (Watinoma),11,Lycée Trikouni,12.35,-1.552,06:15,19:05,"1h10 en semaine, 2h dim/fériés","06:15, 07:25, 08:35, 09:45, 10:55, 12:05, 13:15, 14:25"
Ouagadougou,Ligne 15,Ordinaire,Naaba Koom → Belle Ville (Watinoma),12,Rond-point Faso Kosam,12.349,-1.553,06:18,19:08,"1h10 en semaine, 2h dim/fériés","06:18, 07:28, 08:38, 09:48, 10:58, 12:08, 13:18, 14:28"
Ouagadougou,Ligne 15,Ordinaire,Naaba Koom → Belle Ville (Watinoma),13,Lycée Benaja,12.348,-1.554,06:21,19:11,"1h10 en semaine, 2h dim/fériés","06:21, 07:31, 08:41, 09:51, 11:01, 12:11, 13:21, 14:31"
Ouagadougou,Ligne 15,Ordinaire,Naaba Koom → Belle Ville (Watinoma),14,Château ONEA,12.347,-1.555,06:24,19:14,"1h10 en semaine, 2h dim/fériés","06:24, 07:34, 08:44, 09:54, 11:04, 12:14, 13:24, 14:34"
Ouagadougou,Ligne 15,Ordinaire,Naaba Koom → Belle Ville (Watinoma),15,SOMOUF Oil,12.346,-1.556,06:27,19:17,"1h10 en semaine, 2h dim/fériés","06:27, 07:37, 08:47, 09:57, 11:07, 12:17, 13:27, 14:37"
Ouagadougou,Ligne 15,Ordinaire,Naaba Koom → Belle Ville (Watinoma),16,Station Shell,12.345,-1.557,06:30,19:20,"1h10 en semaine, 2h dim/fériés","06:30, 07:40, 08:50, 10:00, 11:10, 12:20, 13:30, 14:40"
Ouagadougou,Ligne 15,Ordinaire,Naaba Koom → Belle Ville (Watinoma),17,CEB Ouaga 6,12.344,-1.558,06:33,19:23,"1h10 en semaine, 2h dim/fériés","06:33, 07:43, 08:53, 10:03, 11:13, 12:23, 13:33, 14:43"
Ouagadougou,Ligne 15,Ordinaire,Naaba Koom → Belle Ville (Watinoma),18,Terminus Belle ville (Watinoma),12.343,-1.559,06:36,19:26,"1h10 en semaine, 2h dim/fériés","06:36, 07:46, 08:56, 10:06, 11:16, 12:26, 13:36, 14:46"
Ouagadougou,Ligne 16,Ordinaire,Bassinko → Terminus Naaba Koom,1,Terminus Bassinko,12.46,-1.44,05:45,18:35,"1h10 en semaine, 2h dim/fériés","05:45, 06:55, 08:05, 09:15, 10:25, 11:35, 12:45, 13:55"
Ouagadougou,Ligne 16,Ordinaire,Bassinko → Terminus Naaba Koom,2,Échangeur du Nord,12.41,-1.47,05:48,18:38,"1h10 en semaine, 2h dim/fériés","05:48, 06:58, 08:08, 09:18, 10:28, 11:38, 12:48, 13:58"
Ouagadougou,Ligne 16,Ordinaire,Bassinko → Terminus Naaba Koom,3,Lycée Municipal de Ouagadougou,12.4,-1.48,05:51,18:41,"1h10 en semaine, 2h dim/fériés","05:51, 07:01, 08:11, 09:21, 10:31, 11:41, 12:51, 14:01"
Ouagadougou,Ligne 16,Ordinaire,Bassinko → Terminus Naaba Koom,4,Cité AZIMMO,12.39,-1.49,05:54,18:44,"1h10 en semaine, 2h dim/fériés","05:54, 07:04, 08:14, 09:24, 10:34, 11:44, 12:54, 14:04"
Ouagadougou,Ligne 16,Ordinaire,Bassinko → Terminus Naaba Koom,5,Lycée Avé Maria,12.385,-1.5,05:57,18:47,"1h10 en semaine, 2h dim/fériés","05:57, 07:07, 08:17, 09:27, 10:37, 11:47, 12:57, 14:07"
Ouagadougou,Ligne 16,Ordinaire,Bassinko → Terminus Naaba Koom,6,Marché de bétail,12.38,-1.51,06:00,18:50,"1h10 en semaine, 2h dim/fériés","06:00, 07:10, 08:20, 09:30, 10:40, 11:50, 13:00, 14:10"
Ouagadougou,Ligne 16,Ordinaire,Bassinko → Terminus Naaba Koom,7,RN2,12.375,-1.52,06:03,18:53,"1h10 en semaine, 2h dim/fériés","06:03, 07:13, 08:23, 09:33, 10:43, 11:53, 13:03, 14:13"
Ouagadougou,Ligne 16,Ordinaire,Bassinko → Terminus Naaba Koom,8,Eau maman (Bassinko),12.37,-1.525,06:06,18:56,"1h10 en semaine, 2h dim/fériés","06:06, 07:16, 08:26, 09:36, 10:46, 11:56, 13:06, 14:16"
Ouagadougou,Ligne 16,Ordinaire,Bassinko → Terminus Naaba Koom,9,Terminus Naaba Koom,12.3545,-1.531,06:09,18:59,"1h10 en semaine, 2h dim/fériés","06:09, 07:19, 08:29, 09:39, 10:49, 11:59, 13:09, 14:19"
Ouagadougou,Ligne 17,Ordinaire,Boassa → Zone des écoles,1,Boassa,12.28,-1.58,05:45,18:35,"1h10 en semaine, 2h dim/fériés","05:45, 06:55, 08:05, 09:15, 10:25, 11:35, 12:45, 13:55"
Ouagadougou,Ligne 17,Ordinaire,Boassa → Zone des écoles,2,Sandogo,12.29,-1.575,05:48,18:38,"1h10 en semaine, 2h dim/fériés","05:48, 06:58, 08:08, 09:18, 10:28, 11:38, 12:48, 13:58"
Ouagadougou,Ligne 17,Ordinaire,Boassa → Zone des écoles,3,Alimentation bon Samaritin,12.3,-1.57,05:51,18:41,"1h10 en semaine, 2h dim/fériés","05:51, 07:01, 08:11, 09:21, 10:31, 11:41, 12:51, 14:01"
Ouagadougou,Ligne 17,Ordinaire,Boassa → Zone des écoles,4,Boulangerie wend konta,12.31,-1.565,05:54,18:44,"1h10 en semaine, 2h dim/fériés","05:54, 07:04, 08:14, 09:24, 10:34, 11:44, 12:54, 14:04"
Ouagadougou,Ligne 17,Ordinaire,Boassa → Zone des écoles,5,ONEA siège (Pissy),12.32,-1.56,05:57,18:47,"1h10 en semaine, 2h dim/fériés","05:57, 07:07, 08:17, 09:27, 10:37, 11:47, 12:57, 14:07"
Ouagadougou,Ligne 17,Ordinaire,Boassa → Zone des écoles,6,SONABHY,12.33,-1.555,06:00,18:50,"1h10 en semaine, 2h dim/fériés","06:00, 07:10, 08:20, 09:30, 10:40, 11:50, 13:00, 14:10"
Ouagadougou,Ligne 17,Ordinaire,Boassa → Zone des écoles,7,Échangeur de l'ouest,12.34,-1.55,06:03,18:53,"1h10 en semaine, 2h dim/fériés","06:03, 07:13, 08:23, 09:33, 10:43, 11:53, 13:03, 14:13"
Ouagadougou,Ligne 17,Ordinaire,Boassa → Zone des écoles,8,Station TOTAL Gounghin,12.345,-1.545,06:06,18:56,"1h10 en semaine, 2h dim/fériés","06:06, 07:16, 08:26, 09:36, 10:46, 11:56, 13:06, 14:16"
Ouagadougou,Ligne 17,Ordinaire,Boassa → Zone des écoles,9,Maison de retraite Antoine Nanga,12.348,-1.542,06:09,18:59,"1h10 en semaine, 2h dim/fériés","06:09, 07:19, 08:29, 09:39, 10:49, 11:59, 13:09, 14:19"
Ouagadougou,Ligne 17,Ordinaire,Boassa → Zone des écoles,10,DR LONAB,12.35,-1.54,06:12,19:02,"1h10 en semaine, 2h dim/fériés","06:12, 07:22, 08:32, 09:42, 10:52, 12:02, 13:12, 14:22"
Ouagadougou,Ligne 17,Ordinaire,Boassa → Zone des écoles,11,École nationale de la Police,12.352,-1.538,06:15,19:05,"1h10 en semaine, 2h dim/fériés","06:15, 07:25, 08:35, 09:45, 10:55, 12:05, 13:15, 14:25"
Ouagadougou,Ligne 17,Ordinaire,Boassa → Zone des écoles,12,ESCO IGES,12.354,-1.536,06:18,19:08,"1h10 en semaine, 2h dim/fériés","06:18, 07:28, 08:38, 09:48, 10:58, 12:08, 13:18, 14:28"
Ouagadougou,Ligne 17,Ordinaire,Boassa → Zone des écoles,13,Service des passeports,12.356,-1.534,06:21,19:11,"1h10 en semaine, 2h dim/fériés","06:21, 07:31, 08:41, 09:51, 11:01, 12:11, 13:21, 14:31"
Ouagadougou,Ligne 17,Ordinaire,Boassa → Zone des écoles,14,Place de la Nation,12.365,-1.542,06:24,19:14,"1h10 en semaine, 2h dim/fériés","06:24, 07:34, 08:44, 09:54, 11:04, 12:14, 13:24, 14:34"
Ouagadougou,Ligne 17,Ordinaire,Boassa → Zone des écoles,15,Maison du peuple,12.3575,-1.536,06:27,19:17,"1h10 en semaine, 2h dim/fériés","06:27, 07:37, 08:47, 09:57, 11:07, 12:17, 13:27, 14:37"
Ouagadougou,Ligne 17,Ordinaire,Boassa → Zone des écoles,16,Rond-point des Nations Unies,12.365,-1.538,06:30,19:20,"1h10 en semaine, 2h dim/fériés","06:30, 07:40, 08:50, 10:00, 11:10, 12:20, 13:30, 14:40"
Ouagadougou,Ligne 17,Ordinaire,Boassa → Zone des écoles,17,DG Police nationale,12.3578,-1.5385,06:33,19:23,"1h10 en semaine, 2h dim/fériés","06:33, 07:43, 08:53, 10:03, 11:13, 12:23, 13:33, 14:43"
Ouagadougou,Ligne 17,Ordinaire,Boassa → Zone des écoles,18,Terminus Zone des écoles,12.352,-1.525,06:36,19:26,"1h10 en semaine, 2h dim/fériés","06:36, 07:46, 08:56, 10:06, 11:16, 12:26, 13:36, 14:46"
Ouagadougou,Ouaga-Koubri,Intercommunale,Ouagadougou → Koubri,1,Marché de Koubri,12.24,-1.4,06:00,16:30,1h30,"06:00, 07:30, 09:00, 10:30, 12:00, 13:30"
Ouagadougou,Ouaga-Koubri,Intercommunale,Ouagadougou → Koubri,2,Mairie de Koubri,12.242,-1.405,06:05,16:35,1h30,"06:05, 07:35, 09:05, 10:35, 12:05, 13:35"
Ouagadougou,Ouaga-Koubri,Intercommunale,Ouagadougou → Koubri,3,Collège Saint Antoine,12.245,-1.41,06:10,16:40,1h30,"06:10, 07:40, 09:10, 10:40, 12:10, 13:40"
Ouagadougou,Ouaga-Koubri,Intercommunale,Ouagadougou → Koubri,4,École de Kiendpalgo,12.25,-1.42,06:15,16:45,1h30,"06:15, 07:45, 09:15, 10:45, 12:15, 13:45"
Ouagadougou,Ouaga-Koubri,Intercommunale,Ouagadougou → Koubri,5,Château d'eau de Balkuy,12.434,-1.514,06:20,16:50,1h30,"06:20, 07:50, 09:20, 10:50, 12:20, 13:50"
Ouagadougou,Ouaga-Koubri,Intercommunale,Ouagadougou → Koubri,6,Village Nongtaaba,12.35,-1.5,06:25,16:55,1h30,"06:25, 07:55, 09:25, 10:55, 12:25, 13:55"
Ouagadougou,Ouaga-Koubri,Intercommunale,Ouagadougou → Koubri,7,Total Trame Ouaga 2000,12.3203,-1.5475,06:30,17:00,1h30,"06:30, 08:00, 09:30, 11:00, 12:30, 14:00"
Ouagadougou,Ouaga-Koubri,Intercommunale,Ouagadougou → Koubri,8,Camp Baba SY,12.325,-1.545,06:35,17:05,1h30,"06:35, 08:05, 09:35, 11:05, 12:35, 14:05"
Ouagadougou,Ouaga-Koubri,Intercommunale,Ouagadougou → Koubri,9,CCVA,12.34,-1.54,06:40,17:10,1h30,"06:40, 08:10, 09:40, 11:10, 12:40, 14:10"
Ouagadougou,Ouaga-Koubri,Intercommunale,Ouagadougou → Koubri,10,Gare routière Ouagadougou,12.37,-1.53,06:45,17:15,1h30,"06:45, 08:15, 09:45, 11:15, 12:45, 14:15"
Ouagadougou,Ouaga-Ziniaré,Intercommunale,Ouagadougou → Ziniaré,1,Terminus de Ziniaré,12.58,-1.295,06:00,16:30,1h30,"06:00, 07:30, 09:00, 10:30, 12:00, 13:30"
Ouagadougou,Ouaga-Ziniaré,Intercommunale,Ouagadougou → Ziniaré,2,CHR de Ziniaré,12.575,-1.3,06:05,16:35,1h30,"06:05, 07:35, 09:05, 10:35, 12:05, 13:35"
Ouagadougou,Ouaga-Ziniaré,Intercommunale,Ouagadougou → Ziniaré,3,Bangrin,12.55,-1.32,06:10,16:40,1h30,"06:10, 07:40, 09:10, 10:40, 12:10, 13:40"
Ouagadougou,Ouaga-Ziniaré,Intercommunale,Ouagadougou → Ziniaré,4,Nongana,12.53,-1.34,06:15,16:45,1h30,"06:15, 07:45, 09:15, 10:45, 12:15, 13:45"
Ouagadougou,Ouaga-Ziniaré,Intercommunale,Ouagadougou → Ziniaré,5,Commune de Loumbila Cité Wendpanga,12.5,-1.38,06:20,16:50,1h30,"06:20, 07:50, 09:20, 10:50, 12:20, 13:50"
Ouagadougou,Ouaga-Ziniaré,Intercommunale,Ouagadougou → Ziniaré,6,Nioko II,12.45,-1.45,06:25,16:55,1h30,"06:25, 07:55, 09:25, 10:55, 12:25, 13:55"
Ouagadougou,Ouaga-Ziniaré,Intercommunale,Ouagadougou → Ziniaré,7,Rond-point Kossodo,12.42,-1.48,06:30,17:00,1h30,"06:30, 08:00, 09:30, 11:00, 12:30, 14:00"
Ouagadougou,Ouaga-Ziniaré,Intercommunale,Ouagadougou → Ziniaré,8,SOTRACO siège,12.39,-1.51,06:35,17:05,1h30,"06:35, 08:05, 09:35, 11:05, 12:35, 14:05"
Ouagadougou,Ouaga-Ziniaré,Intercommunale,Ouagadougou → Ziniaré,9,Hôtel Sopatel,12.37,-1.52,06:40,17:10,1h30,"06:40, 08:10, 09:40, 11:10, 12:40, 14:10"
Ouagadougou,Ouaga-Ziniaré,Intercommunale,Ouagadougou → Ziniaré,10,CHU Yalgado OUEDRAOGO,12.36,-1.552,06:45,17:15,1h30,"06:45, 08:15, 09:45, 11:15, 12:45, 14:15"
Ouagadougou,Ouaga-Ziniaré,Intercommunale,Ouagadougou → Ziniaré,11,SP/CNLS,12.362,-1.5515,06:50,17:20,1h30,"06:50, 08:20, 09:50, 11:20, 12:50, 14:20"
Ouagadougou,Ouaga-Ziniaré,Intercommunale,Ouagadougou → Ziniaré,12,Av de l'indépendance,12.359,-1.5415,06:55,17:25,1h30,"06:55, 08:25, 09:55, 11:25, 12:55, 14:25"
Ouagadougou,Ouaga-Ziniaré,Intercommunale,Ouagadougou → Ziniaré,13,Trésor public,12.3582,-1.5405,07:00,17:30,1h30,"07:00, 08:30, 10:00, 11:30, 13:00, 14:30"
Ouagadougou,Ouaga-Ziniaré,Intercommunale,Ouagadougou → Ziniaré,14,DG Police Nationale,12.3578,-1.5385,07:05,17:35,1h30,"07:05, 08:35, 10:05, 11:35, 13:05, 14:35"
Ouagadougou,Ouaga-Ziniaré,Intercommunale,Ouagadougou → Ziniaré,15,SONAPOST,12.3576,-1.537,07:10,17:40,1h30,"07:10, 08:40, 10:10, 11:40, 13:10, 14:40"
Ouagadougou,Ouaga-Ziniaré,Intercommunale,Ouagadougou → Ziniaré,16,Rond-point des Nations Unies,12.365,-1.538,07:15,17:45,1h30,"07:15, 08:45, 10:15, 11:45, 13:15, 14:45"
Ouagadougou,Ouaga-Ziniaré,Intercommunale,Ouagadougou → Ziniaré,17,Maison du peuple,12.3575,-1.536,07:20,17:50,1h30,"07:20, 08:50, 10:20, 11:50, 13:20, 14:50"
Ouagadougou,Ouaga-Ziniaré,Intercommunale,Ouagadougou → Ziniaré,18,Terminus Naaba Koom,12.3545,-1.531,07:25,17:55,1h30,"07:25, 08:55, 10:25, 11:55, 13:25, 14:55"
Ouagadougou,Ouaga-Pabré,Intercommunale,Ouagadougou → Pabré,1,Mosquée de vendredi de Pabré,12.52,-1.42,06:00,16:30,1h30,"06:00, 07:30, 09:00, 10:30, 12:00, 13:30"
Ouagadougou,Ouaga-Pabré,Intercommunale,Ouagadougou → Pabré,2,Terminus Mémorial Thomas SANKARA,12.38,-1.53,06:05,16:35,1h30,"06:05, 07:35, 09:05, 10:35, 12:05, 13:35"
Ouagadougou,Ouaga-Pabré,Intercommunale,Ouagadougou → Pabré,3,Carrefour Paspanga,12.4,-1.48,06:10,16:40,1h30,"06:10, 07:40, 09:10, 10:40, 12:10, 13:40"
Ouagadougou,Ouaga-Pabré,Intercommunale,Ouagadougou → Pabré,4,RTB,12.37,-1.51,06:15,16:45,1h30,"06:15, 07:45, 09:15, 10:45, 12:15, 13:45"
Ouagadougou,Ouaga-Pabré,Intercommunale,Ouagadougou → Pabré,5,Rond-point des Nations Unies,12.365,-1.538,06:20,16:50,1h30,"06:20, 07:50, 09:20, 10:50, 12:20, 13:50"
Ouagadougou,Ouaga-Pabré,Intercommunale,Ouagadougou → Pabré,6,Maison du peuple,12.3575,-1.536,06:25,16:55,1h30,"06:25, 07:55, 09:25, 10:55, 12:25, 13:55"
Ouagadougou,Ouaga-Pabré,Intercommunale,Ouagadougou → Pabré,7,Place de la Nation,12.365,-1.542,06:30,17:00,1h30,"06:30, 08:00, 09:30, 11:00, 12:30, 14:00"
Ouagadougou,Ouaga-Pabré,Intercommunale,Ouagadougou → Pabré,8,Lycée Marien N'Gouabi,12.37,-1.51,06:35,17:05,1h30,"06:35, 08:05, 09:35, 11:05, 12:35, 14:05"
Ouagadougou,Ouaga-Pabré,Intercommunale,Ouagadougou → Pabré,9,Lycée Kolog Naba,12.4,-1.49,06:40,17:10,1h30,"06:40, 08:10, 09:40, 11:10, 12:40, 14:10"
Ouagadougou,Ouaga-Pabré,Intercommunale,Ouagadougou → Pabré,10,CMA Paul VI,12.42,-1.47,06:45,17:15,1h30,"06:45, 08:15, 09:45, 11:15, 12:45, 14:15"
Ouagadougou,Ouaga-Pabré,Intercommunale,Ouagadougou → Pabré,11,Séminaire de Kossoghin,12.43,-1.45,06:50,17:20,1h30,"06:50, 08:20, 09:50, 11:20, 12:50, 14:20"
Ouagadougou,Ouaga-Pabré,Intercommunale,Ouagadougou → Pabré,12,Lycée de l'Alliance Chrétienne (LAC),12.44,-1.44,06:55,17:25,1h30,"06:55, 08:25, 09:55, 11:25, 12:55, 14:25"
Ouagadougou,Ouaga-Pabré,Intercommunale,Ouagadougou → Pabré,13,PMK,12.45,-1.43,07:00,17:30,1h30,"07:00, 08:30, 10:00, 11:30, 13:00, 14:30"
Ouagadougou,Spéciale UO1-A,Spéciale Étudiants,Cité universitaire de Kossodo → SIAO,1,Cour de la cité Kossodo,12.41,-1.5,06:30,15:30,1h,"06:30, 07:30, 08:30, 09:30, 10:30, 11:30, 12:30, 13:30"
Ouagadougou,Spéciale UO1-A,Spéciale Étudiants,Cité universitaire de Kossodo → SIAO,2,Mosquée de vendredi de Kossodo,12.408,-1.502,06:32,15:32,1h,"06:32, 07:32, 08:32, 09:32, 10:32, 11:32, 12:32, 13:32"
Ouagadougou,Spéciale UO1-A,Spéciale Étudiants,Cité universitaire de Kossodo → SIAO,3,Tan Aliz,12.405,-1.505,06:34,15:34,1h,"06:34, 07:34, 08:34, 09:34, 10:34, 11:34, 12:34, 13:34"
Ouagadougou,Spéciale UO1-A,Spéciale Étudiants,Cité universitaire de Kossodo → SIAO,4,Boulangerie Somgandé,12.4,-1.51,06:36,15:36,1h,"06:36, 07:36, 08:36, 09:36, 10:36, 11:36, 12:36, 13:36"
Ouagadougou,Spéciale UO1-A,Spéciale Étudiants,Cité universitaire de Kossodo → SIAO,5,Échangeur de l'Est,12.39,-1.52,06:38,15:38,1h,"06:38, 07:38, 08:38, 09:38, 10:38, 11:38, 12:38, 13:38"
Ouagadougou,Spéciale UO1-A,Spéciale Étudiants,Cité universitaire de Kossodo → SIAO,6,LTO,12.385,-1.525,06:40,15:40,1h,"06:40, 07:40, 08:40, 09:40, 10:40, 11:40, 12:40, 13:40"
Ouagadougou,Spéciale UO1-A,Spéciale Étudiants,Cité universitaire de Kossodo → SIAO,7,UO1,12.38,-1.53,06:42,15:42,1h,"06:42, 07:42, 08:42, 09:42, 10:42, 11:42, 12:42, 13:42"
Ouagadougou,Spéciale UO1-A,Spéciale Étudiants,Cité universitaire de Kossodo → SIAO,8,ISIG siège,12.382,-1.528,06:44,15:44,1h,"06:44, 07:44, 08:44, 09:44, 10:44, 11:44, 12:44, 13:44"
Ouagadougou,Spéciale UO1-A,Spéciale Étudiants,Cité universitaire de Kossodo → SIAO,9,Pharmacie Nemadis,12.384,-1.526,06:46,15:46,1h,"06:46, 07:46, 08:46, 09:46, 10:46, 11:46, 12:46, 13:46"
Ouagadougou,Spéciale UO1-A,Spéciale Étudiants,Cité universitaire de Kossodo → SIAO,10,SIAO,12.385,-1.525,06:48,15:48,1h,"06:48, 07:48, 08:48, 09:48, 10:48, 11:48, 12:48, 13:48"
Ouagadougou,Spéciale UO1-B,Spéciale Étudiants,Cité universitaire Patte d'oie → UO1,1,Cité universitaire Patte d'oie,12.353,-1.549,06:30,15:30,1h,"06:30, 07:30, 08:30, 09:30, 10:30, 11:30, 12:30, 13:30"
Ouagadougou,Spéciale UO1-B,Spéciale Étudiants,Cité universitaire Patte d'oie → UO1,2,Échangeur Ouaga 2000,12.33,-1.54,06:32,15:32,1h,"06:32, 07:32, 08:32, 09:32, 10:32, 11:32, 12:32, 13:32"
Ouagadougou,Spéciale UO1-B,Spéciale Étudiants,Cité universitaire Patte d'oie → UO1,3,CMA du 30,12.34,-1.535,06:34,15:34,1h,"06:34, 07:34, 08:34, 09:34, 10:34, 11:34, 12:34, 13:34"
Ouagadougou,Spéciale UO1-B,Spéciale Étudiants,Cité universitaire Patte d'oie → UO1,4,SIAO,12.385,-1.525,06:36,15:36,1h,"06:36, 07:36, 08:36, 09:36, 10:36, 11:36, 12:36, 13:36"
Ouagadougou,Spéciale UO1-B,Spéciale Étudiants,Cité universitaire Patte d'oie → UO1,5,Pédiatrie Charles DE GAULLE,12.364,-1.551,06:38,15:38,1h,"06:38, 07:38, 08:38, 09:38, 10:38, 11:38, 12:38, 13:38"
Ouagadougou,Spéciale UO1-B,Spéciale Étudiants,Cité universitaire Patte d'oie → UO1,6,TSR,12.378,-1.532,06:40,15:40,1h,"06:40, 07:40, 08:40, 09:40, 10:40, 11:40, 12:40, 13:40"
Ouagadougou,Spéciale UO1-B,Spéciale Étudiants,Cité universitaire Patte d'oie → UO1,7,UO1,12.38,-1.53,06:42,15:42,1h,"06:42, 07:42, 08:42, 09:42, 10:42, 11:42, 12:42, 13:42"
Ouagadougou,Spéciale UO1-C,Spéciale Étudiants,Cité Larlé → UO1,1,Larlé,12.38,-1.5,06:30,15:30,1h,"06:30, 07:30, 08:30, 09:30, 10:30, 11:30, 12:30, 13:30"
Ouagadougou,Spéciale UO1-C,Spéciale Étudiants,Cité Larlé → UO1,2,STAF (cité Brigitte PROS),12.382,-1.505,06:32,15:32,1h,"06:32, 07:32, 08:32, 09:32, 10:32, 11:32, 12:32, 13:32"
Ouagadougou,Spéciale UO1-C,Spéciale Étudiants,Cité Larlé → UO1,3,Marien N'gouabi,12.37,-1.51,06:34,15:34,1h,"06:34, 07:34, 08:34, 09:34, 10:34, 11:34, 12:34, 13:34"
Ouagadougou,Spéciale UO1-C,Spéciale Étudiants,Cité Larlé → UO1,4,SOBCA,12.366,-1.535,06:36,15:36,1h,"06:36, 07:36, 08:36, 09:36, 10:36, 11:36, 12:36, 13:36"
Ouagadougou,Spéciale UO1-C,Spéciale Étudiants,Cité Larlé → UO1,5,UO1,12.38,-1.53,06:38,15:38,1h,"06:38, 07:38, 08:38, 09:38, 10:38, 11:38, 12:38, 13:38"
Ouagadougou,Spéciale UTS Axe 1,Spéciale Étudiants,UO1 → Université Thomas SANKARA,1,UO1,12.38,-1.53,06:30,15:30,1h,"06:30, 07:30, 08:30, 09:30, 10:30, 11:30, 12:30, 13:30"
Ouagadougou,Spéciale UTS Axe 1,Spéciale Étudiants,UO1 → Université Thomas SANKARA,2,CHU Charles DE GAULLE,12.364,-1.551,06:32,15:32,1h,"06:32, 07:32, 08:32, 09:32, 10:32, 11:32, 12:32, 13:32"
Ouagadougou,Spéciale UTS Axe 1,Spéciale Étudiants,UO1 → Université Thomas SANKARA,3,Échangeur de l'Est,12.39,-1.52,06:34,15:34,1h,"06:34, 07:34, 08:34, 09:34, 10:34, 11:34, 12:34, 13:34"
Ouagadougou,Spéciale UTS Axe 1,Spéciale Étudiants,UO1 → Université Thomas SANKARA,4,Carrefour de Saaba,12.45,-1.45,06:36,15:36,1h,"06:36, 07:36, 08:36, 09:36, 10:36, 11:36, 12:36, 13:36"
Ouagadougou,Spéciale UTS Axe 1,Spéciale Étudiants,UO1 → Université Thomas SANKARA,5,Bargo,12.5,-1.4,06:38,15:38,1h,"06:38, 07:38, 08:38, 09:38, 10:38, 11:38, 12:38, 13:38"
Ouagadougou,Spéciale UTS Axe 1,Spéciale Étudiants,UO1 → Université Thomas SANKARA,6,Péage,12.52,-1.38,06:40,15:40,1h,"06:40, 07:40, 08:40, 09:40, 10:40, 11:40, 12:40, 13:40"
Ouagadougou,Spéciale UTS Axe 1,Spéciale Étudiants,UO1 → Université Thomas SANKARA,7,Université Thomas SANKARA,12.55,-1.35,06:42,15:42,1h,"06:42, 07:42, 08:42, 09:42, 10:42, 11:42, 12:42, 13:42"
Ouagadougou,Spéciale UTS Axe 2,Spéciale Étudiants,SIAO → Université Thomas SANKARA,1,SIAO,12.385,-1.525,06:30,15:30,1h,"06:30, 07:30, 08:30, 09:30, 10:30, 11:30, 12:30, 13:30"
Ouagadougou,Spéciale UTS Axe 2,Spéciale Étudiants,SIAO → Université Thomas SANKARA,2,CHU Charles DE GAULLE,12.364,-1.551,06:32,15:32,1h,"06:32, 07:32, 08:32, 09:32, 10:32, 11:32, 12:32, 13:32"
Ouagadougou,Spéciale UTS Axe 2,Spéciale Étudiants,SIAO → Université Thomas SANKARA,3,Échangeur de l'Est,12.39,-1.52,06:34,15:34,1h,"06:34, 07:34, 08:34, 09:34, 10:34, 11:34, 12:34, 13:34"
Ouagadougou,Spéciale UTS Axe 2,Spéciale Étudiants,SIAO → Université Thomas SANKARA,4,Carrefour de Saaba,12.45,-1.45,06:36,15:36,1h,"06:36, 07:36, 08:36, 09:36, 10:36, 11:36, 12:36, 13:36"
Ouagadougou,Spéciale UTS Axe 2,Spéciale Étudiants,SIAO → Université Thomas SANKARA,5,Bargo,12.5,-1.4,06:38,15:38,1h,"06:38, 07:38, 08:38, 09:38, 10:38, 11:38, 12:38, 13:38"
Ouagadougou,Spéciale UTS Axe 2,Spéciale Étudiants,SIAO → Université Thomas SANKARA,6,Péage,12.52,-1.38,06:40,15:40,1h,"06:40, 07:40, 08:40, 09:40, 10:40, 11:40, 12:40, 13:40"
Ouagadougou,Spéciale UTS Axe 2,Spéciale Étudiants,SIAO → Université Thomas SANKARA,7,Université Thomas SANKARA,12.55,-1.35,06:42,15:42,1h,"06:42, 07:42, 08:42, 09:42, 10:42, 11:42, 12:42, 13:42"
Ouagadougou,Spéciale UTS Axe 3,Spéciale Étudiants,CHU Yalgado → Université Thomas SANKARA,1,CHU Yalgado OUEDRAOGO,12.36,-1.552,06:30,15:30,1h,"06:30, 07:30, 08:30, 09:30, 10:30, 11:30, 12:30, 13:30"
Ouagadougou,Spéciale UTS Axe 3,Spéciale Étudiants,CHU Yalgado → Université Thomas SANKARA,2,ENAREF,12.375,-1.54,06:32,15:32,1h,"06:32, 07:32, 08:32, 09:32, 10:32, 11:32, 12:32, 13:32"
Ouagadougou,Spéciale UTS Axe 3,Spéciale Étudiants,CHU Yalgado → Université Thomas SANKARA,3,Échangeur de l'Est,12.39,-1.52,06:34,15:34,1h,"06:34, 07:34, 08:34, 09:34, 10:34, 11:34, 12:34, 13:34"
Ouagadougou,Spéciale UTS Axe 3,Spéciale Étudiants,CHU Yalgado → Université Thomas SANKARA,4,Carrefour de Saaba,12.45,-1.45,06:36,15:36,1h,"06:36, 07:36, 08:36, 09:36, 10:36, 11:36, 12:36, 13:36"
Ouagadougou,Spéciale UTS Axe 3,Spéciale Étudiants,CHU Yalgado → Université Thomas SANKARA,5,Bargo,12.5,-1.4,06:38,15:38,1h,"06:38, 07:38, 08:38, 09:38, 10:38, 11:38, 12:38, 13:38"
Ouagadougou,Spéciale UTS Axe 3,Spéciale Étudiants,CHU Yalgado → Université Thomas SANKARA,6,Péage,12.52,-1.38,06:40,15:40,1h,"06:40, 07:40, 08:40, 09:40, 10:40, 11:40, 12:40, 13:40"
Ouagadougou,Spéciale UTS Axe 3,Spéciale Étudiants,CHU Yalgado → Université Thomas SANKARA,7,Université Thomas SANKARA,12.55,-1.35,06:42,15:42,1h,"06:42, 07:42, 08:42, 09:42, 10:42, 11:42, 12:42, 13:42"
Bobo-Dioulasso,Ligne 1,Ordinaire,Terminus Cité universitaire Belle ville (CROUB) → Place Tiéfo Amoro,1,Cité Universitaire de Belle ville (CROUB),11.195,-4.275,05:45,18:35,"1h10 en semaine, 2h dim/fériés","05:45, 06:55, 08:05, 09:15, 10:25, 11:35, 12:45, 13:55"
Bobo-Dioulasso,Ligne 1,Ordinaire,Terminus Cité universitaire Belle ville (CROUB) → Place Tiéfo Amoro,2,Restaurant,11.194,-4.276,05:48,18:38,"1h10 en semaine, 2h dim/fériés","05:48, 06:58, 08:08, 09:18, 10:28, 11:38, 12:48, 13:58"
Bobo-Dioulasso,Ligne 1,Ordinaire,Terminus Cité universitaire Belle ville (CROUB) → Place Tiéfo Amoro,3,Centre culturel René Fournier,11.193,-4.277,05:51,18:41,"1h10 en semaine, 2h dim/fériés","05:51, 07:01, 08:11, 09:21, 10:31, 11:41, 12:51, 14:01"
Bobo-Dioulasso,Ligne 1,Ordinaire,Terminus Cité universitaire Belle ville (CROUB) → Place Tiéfo Amoro,4,Station SOBUCOP,11.192,-4.278,05:54,18:44,"1h10 en semaine, 2h dim/fériés","05:54, 07:04, 08:14, 09:24, 10:34, 11:44, 12:54, 14:04"
Bobo-Dioulasso,Ligne 1,Ordinaire,Terminus Cité universitaire Belle ville (CROUB) → Place Tiéfo Amoro,5,Lycée national,11.19,-4.28,05:57,18:47,"1h10 en semaine, 2h dim/fériés","05:57, 07:07, 08:17, 09:27, 10:37, 11:47, 12:57, 14:07"
Bobo-Dioulasso,Ligne 1,Ordinaire,Terminus Cité universitaire Belle ville (CROUB) → Place Tiéfo Amoro,6,Pharmacie HAYAT,11.189,-4.281,06:00,18:50,"1h10 en semaine, 2h dim/fériés","06:00, 07:10, 08:20, 09:30, 10:40, 11:50, 13:00, 14:10"
Bobo-Dioulasso,Ligne 1,Ordinaire,Terminus Cité universitaire Belle ville (CROUB) → Place Tiéfo Amoro,7,Station Shell,11.188,-4.282,06:03,18:53,"1h10 en semaine, 2h dim/fériés","06:03, 07:13, 08:23, 09:33, 10:43, 11:53, 13:03, 14:13"
Bobo-Dioulasso,Ligne 1,Ordinaire,Terminus Cité universitaire Belle ville (CROUB) → Place Tiéfo Amoro,8,Conseil régional des HB,11.187,-4.284,06:06,18:56,"1h10 en semaine, 2h dim/fériés","06:06, 07:16, 08:26, 09:36, 10:46, 11:56, 13:06, 14:16"
Bobo-Dioulasso,Ligne 1,Ordinaire,Terminus Cité universitaire Belle ville (CROUB) → Place Tiéfo Amoro,9,Lycée la sagesse,11.186,-4.286,06:09,18:59,"1h10 en semaine, 2h dim/fériés","06:09, 07:19, 08:29, 09:39, 10:49, 11:59, 13:09, 14:19"
Bobo-Dioulasso,Ligne 1,Ordinaire,Terminus Cité universitaire Belle ville (CROUB) → Place Tiéfo Amoro,10,Pharmacie BETHEL,11.185,-4.288,06:12,19:02,"1h10 en semaine, 2h dim/fériés","06:12, 07:22, 08:32, 09:42, 10:52, 12:02, 13:12, 14:22"
Bobo-Dioulasso,Ligne 1,Ordinaire,Terminus Cité universitaire Belle ville (CROUB) → Place Tiéfo Amoro,11,Station SKI,11.184,-4.29,06:15,19:05,"1h10 en semaine, 2h dim/fériés","06:15, 07:25, 08:35, 09:45, 10:55, 12:05, 13:15, 14:25"
Bobo-Dioulasso,Ligne 1,Ordinaire,Terminus Cité universitaire Belle ville (CROUB) → Place Tiéfo Amoro,12,Caisse populaire de Colsama,11.183,-4.292,06:18,19:08,"1h10 en semaine, 2h dim/fériés","06:18, 07:28, 08:38, 09:48, 10:58, 12:08, 13:18, 14:28"
Bobo-Dioulasso,Ligne 1,Ordinaire,Terminus Cité universitaire Belle ville (CROUB) → Place Tiéfo Amoro,13,Marché de fruits,11.182,-4.294,06:21,19:11,"1h10 en semaine, 2h dim/fériés","06:21, 07:31, 08:41, 09:51, 11:01, 12:11, 13:21, 14:31"
Bobo-Dioulasso,Ligne 1,Ordinaire,Terminus Cité universitaire Belle ville (CROUB) → Place Tiéfo Amoro,14,Commissariat du 6ème arrondissement,11.181,-4.295,06:24,19:14,"1h10 en semaine, 2h dim/fériés","06:24, 07:34, 08:44, 09:54, 11:04, 12:14, 13:24, 14:34"
Bobo-Dioulasso,Ligne 1,Ordinaire,Terminus Cité universitaire Belle ville (CROUB) → Place Tiéfo Amoro,15,BCEAO,11.18,-4.296,06:27,19:17,"1h10 en semaine, 2h dim/fériés","06:27, 07:37, 08:47, 09:57, 11:07, 12:17, 13:27, 14:37"
Bobo-Dioulasso,Ligne 1,Ordinaire,Terminus Cité universitaire Belle ville (CROUB) → Place Tiéfo Amoro,16,Gare RAHIMO,11.179,-4.297,06:30,19:20,"1h10 en semaine, 2h dim/fériés","06:30, 07:40, 08:50, 10:00, 11:10, 12:20, 13:30, 14:40"
Bobo-Dioulasso,Ligne 1,Ordinaire,Terminus Cité universitaire Belle ville (CROUB) → Place Tiéfo Amoro,17,CHU Souro SANON,11.178,-4.2975,06:33,19:23,"1h10 en semaine, 2h dim/fériés","06:33, 07:43, 08:53, 10:03, 11:13, 12:23, 13:33, 14:43"
Bobo-Dioulasso,Ligne 1,Ordinaire,Terminus Cité universitaire Belle ville (CROUB) → Place Tiéfo Amoro,18,DR SONABEL,11.177,-4.2978,06:36,19:26,"1h10 en semaine, 2h dim/fériés","06:36, 07:46, 08:56, 10:06, 11:16, 12:26, 13:36, 14:46"
Bobo-Dioulasso,Ligne 1,Ordinaire,Terminus Cité universitaire Belle ville (CROUB) → Place Tiéfo Amoro,19,Place Tiéfo Amoro,11.1785,-4.2975,06:39,19:29,"1h10 en semaine, 2h dim/fériés","06:39, 07:49, 08:59, 10:09, 11:19, 12:29, 13:39, 14:49"
Bobo-Dioulasso,Ligne 1B,Ordinaire,Terminus Cité verte de Belleville → Place Tiéfo Amoro,1,Cité verte de Belleville,11.198,-4.27,05:45,18:35,"1h10 en semaine, 2h dim/fériés","05:45, 06:55, 08:05, 09:15, 10:25, 11:35, 12:45, 13:55"
Bobo-Dioulasso,Ligne 1B,Ordinaire,Terminus Cité verte de Belleville → Place Tiéfo Amoro,2,Lycée Belleville,11.196,-4.272,05:48,18:38,"1h10 en semaine, 2h dim/fériés","05:48, 06:58, 08:08, 09:18, 10:28, 11:38, 12:48, 13:58"
Bobo-Dioulasso,Ligne 1B,Ordinaire,Terminus Cité verte de Belleville → Place Tiéfo Amoro,3,Marché Belleville,11.194,-4.275,05:51,18:41,"1h10 en semaine, 2h dim/fériés","05:51, 07:01, 08:11, 09:21, 10:31, 11:41, 12:51, 14:01"
Bobo-Dioulasso,Ligne 1B,Ordinaire,Terminus Cité verte de Belleville → Place Tiéfo Amoro,4,Avenue Djibril VIINAMA,11.19,-4.28,05:54,18:44,"1h10 en semaine, 2h dim/fériés","05:54, 07:04, 08:14, 09:24, 10:34, 11:44, 12:54, 14:04"
Bobo-Dioulasso,Ligne 1B,Ordinaire,Terminus Cité verte de Belleville → Place Tiéfo Amoro,5,Accart-ville Sud,11.185,-4.285,05:57,18:47,"1h10 en semaine, 2h dim/fériés","05:57, 07:07, 08:17, 09:27, 10:37, 11:47, 12:57, 14:07"
Bobo-Dioulasso,Ligne 1B,Ordinaire,Terminus Cité verte de Belleville → Place Tiéfo Amoro,6,Caisse populaire Colsama,11.183,-4.292,06:00,18:50,"1h10 en semaine, 2h dim/fériés","06:00, 07:10, 08:20, 09:30, 10:40, 11:50, 13:00, 14:10"
Bobo-Dioulasso,Ligne 1B,Ordinaire,Terminus Cité verte de Belleville → Place Tiéfo Amoro,7,Marché de fruits,11.182,-4.294,06:03,18:53,"1h10 en semaine, 2h dim/fériés","06:03, 07:13, 08:23, 09:33, 10:43, 11:53, 13:03, 14:13"
Bobo-Dioulasso,Ligne 1B,Ordinaire,Terminus Cité verte de Belleville → Place Tiéfo Amoro,8,BCEAO,11.18,-4.296,06:06,18:56,"1h10 en semaine, 2h dim/fériés","06:06, 07:16, 08:26, 09:36, 10:46, 11:56, 13:06, 14:16"
Bobo-Dioulasso,Ligne 1B,Ordinaire,Terminus Cité verte de Belleville → Place Tiéfo Amoro,9,CHU Sourou SANOU,11.178,-4.2975,06:09,18:59,"1h10 en semaine, 2h dim/fériés","06:09, 07:19, 08:29, 09:39, 10:49, 11:59, 13:09, 14:19"
Bobo-Dioulasso,Ligne 1B,Ordinaire,Terminus Cité verte de Belleville → Place Tiéfo Amoro,10,Place Tiéfo Amoro,11.1785,-4.2975,06:12,19:02,"1h10 en semaine, 2h dim/fériés","06:12, 07:22, 08:32, 09:42, 10:52, 12:02, 13:12, 14:22"
Bobo-Dioulasso,Ligne 2,Ordinaire,Terminus Station Oryx (Route de Ouaga) → Place Tiéfo Amoro,1,Station Oryx Route de Ouaga,11.21,-4.26,05:45,18:35,"1h10 en semaine, 2h dim/fériés","05:45, 06:55, 08:05, 09:15, 10:25, 11:35, 12:45, 13:55"
Bobo-Dioulasso,Ligne 2,Ordinaire,Terminus Station Oryx (Route de Ouaga) → Place Tiéfo Amoro,2,Marché Yegueresso,11.205,-4.265,05:48,18:38,"1h10 en semaine, 2h dim/fériés","05:48, 06:58, 08:08, 09:18, 10:28, 11:38, 12:48, 13:58"
Bobo-Dioulasso,Ligne 2,Ordinaire,Terminus Station Oryx (Route de Ouaga) → Place Tiéfo Amoro,3,Zone industrielle,11.2,-4.27,05:51,18:41,"1h10 en semaine, 2h dim/fériés","05:51, 07:01, 08:11, 09:21, 10:31, 11:41, 12:51, 14:01"
Bobo-Dioulasso,Ligne 2,Ordinaire,Terminus Station Oryx (Route de Ouaga) → Place Tiéfo Amoro,4,Avenue de l'Union Européenne,11.195,-4.275,05:54,18:44,"1h10 en semaine, 2h dim/fériés","05:54, 07:04, 08:14, 09:24, 10:34, 11:44, 12:54, 14:04"
Bobo-Dioulasso,Ligne 2,Ordinaire,Terminus Station Oryx (Route de Ouaga) → Place Tiéfo Amoro,5,Place de la femme,11.19,-4.28,05:57,18:47,"1h10 en semaine, 2h dim/fériés","05:57, 07:07, 08:17, 09:27, 10:37, 11:47, 12:57, 14:07"
Bobo-Dioulasso,Ligne 2,Ordinaire,Terminus Station Oryx (Route de Ouaga) → Place Tiéfo Amoro,6,Rue Vicens,11.185,-4.285,06:00,18:50,"1h10 en semaine, 2h dim/fériés","06:00, 07:10, 08:20, 09:30, 10:40, 11:50, 13:00, 14:10"
Bobo-Dioulasso,Ligne 2,Ordinaire,Terminus Station Oryx (Route de Ouaga) → Place Tiéfo Amoro,7,Hôtel de ville,11.182,-4.29,06:03,18:53,"1h10 en semaine, 2h dim/fériés","06:03, 07:13, 08:23, 09:33, 10:43, 11:53, 13:03, 14:13"
Bobo-Dioulasso,Ligne 2,Ordinaire,Terminus Station Oryx (Route de Ouaga) → Place Tiéfo Amoro,8,Stade Wobi,11.18,-4.292,06:06,18:56,"1h10 en semaine, 2h dim/fériés","06:06, 07:16, 08:26, 09:36, 10:46, 11:56, 13:06, 14:16"
Bobo-Dioulasso,Ligne 2,Ordinaire,Terminus Station Oryx (Route de Ouaga) → Place Tiéfo Amoro,9,Place du paysan,11.179,-4.295,06:09,18:59,"1h10 en semaine, 2h dim/fériés","06:09, 07:19, 08:29, 09:39, 10:49, 11:59, 13:09, 14:19"
Bobo-Dioulasso,Ligne 2,Ordinaire,Terminus Station Oryx (Route de Ouaga) → Place Tiéfo Amoro,10,Monument CAF,11.1787,-4.297,06:12,19:02,"1h10 en semaine, 2h dim/fériés","06:12, 07:22, 08:32, 09:42, 10:52, 12:02, 13:12, 14:22"
Bobo-Dioulasso,Ligne 2,Ordinaire,Terminus Station Oryx (Route de Ouaga) → Place Tiéfo Amoro,11,Place Tiéfo Amoro,11.1785,-4.2975,06:15,19:05,"1h10 en semaine, 2h dim/fériés","06:15, 07:25, 08:35, 09:45, 10:55, 12:05, 13:15, 14:25"
Bobo-Dioulasso,Ligne 2B,Ordinaire,Marché de Yegueresso → Place Tiéfo Amoro,1,Marché de Yegueresso,11.205,-4.265,05:45,18:35,"1h10 en semaine, 2h dim/fériés","05:45, 06:55, 08:05, 09:15, 10:25, 11:35, 12:45, 13:55"
Bobo-Dioulasso,Ligne 2B,Ordinaire,Marché de Yegueresso → Place Tiéfo Amoro,2,Boulangerie APIOU,11.2,-4.27,05:48,18:38,"1h10 en semaine, 2h dim/fériés","05:48, 06:58, 08:08, 09:18, 10:28, 11:38, 12:48, 13:58"
Bobo-Dioulasso,Ligne 2B,Ordinaire,Marché de Yegueresso → Place Tiéfo Amoro,3,Station Route de Ouaga,11.195,-4.275,05:51,18:41,"1h10 en semaine, 2h dim/fériés","05:51, 07:01, 08:11, 09:21, 10:31, 11:41, 12:51, 14:01"
Bobo-Dioulasso,Ligne 2B,Ordinaire,Marché de Yegueresso → Place Tiéfo Amoro,4,Boulevard de l'Indépendance,11.19,-4.285,05:54,18:44,"1h10 en semaine, 2h dim/fériés","05:54, 07:04, 08:14, 09:24, 10:34, 11:44, 12:54, 14:04"
Bobo-Dioulasso,Ligne 2B,Ordinaire,Marché de Yegueresso → Place Tiéfo Amoro,5,Rond-point de la femme,11.187,-4.29,05:57,18:47,"1h10 en semaine, 2h dim/fériés","05:57, 07:07, 08:17, 09:27, 10:37, 11:47, 12:57, 14:07"
Bobo-Dioulasso,Ligne 2B,Ordinaire,Marché de Yegueresso → Place Tiéfo Amoro,6,Avenue de la Nation,11.182,-4.295,06:00,18:50,"1h10 en semaine, 2h dim/fériés","06:00, 07:10, 08:20, 09:30, 10:40, 11:50, 13:00, 14:10"
Bobo-Dioulasso,Ligne 2B,Ordinaire,Marché de Yegueresso → Place Tiéfo Amoro,7,Place Tiéfo Amoro,11.1785,-4.2975,06:03,18:53,"1h10 en semaine, 2h dim/fériés","06:03, 07:13, 08:23, 09:33, 10:43, 11:53, 13:03, 14:13"
Bobo-Dioulasso,Ligne 3,Ordinaire,Terminus Station Petro Sar (Route de Bama) → Place Tiéfo Amoro,1,Terminus Station PETRO SAR,11.16,-4.32,05:45,18:35,"1h10 en semaine, 2h dim/fériés","05:45, 06:55, 08:05, 09:15, 10:25, 11:35, 12:45, 13:55"
Bobo-Dioulasso,Ligne 3,Ordinaire,Terminus Station Petro Sar (Route de Bama) → Place Tiéfo Amoro,2,Station service de la cité,11.162,-4.318,05:48,18:38,"1h10 en semaine, 2h dim/fériés","05:48, 06:58, 08:08, 09:18, 10:28, 11:38, 12:48, 13:58"
Bobo-Dioulasso,Ligne 3,Ordinaire,Terminus Station Petro Sar (Route de Bama) → Place Tiéfo Amoro,3,SONATUR Bobo,11.165,-4.315,05:51,18:41,"1h10 en semaine, 2h dim/fériés","05:51, 07:01, 08:11, 09:21, 10:31, 11:41, 12:51, 14:01"
Bobo-Dioulasso,Ligne 3,Ordinaire,Terminus Station Petro Sar (Route de Bama) → Place Tiéfo Amoro,4,Boulangerie APIOU,11.168,-4.312,05:54,18:44,"1h10 en semaine, 2h dim/fériés","05:54, 07:04, 08:14, 09:24, 10:34, 11:44, 12:54, 14:04"
Bobo-Dioulasso,Ligne 3,Ordinaire,Terminus Station Petro Sar (Route de Bama) → Place Tiéfo Amoro,5,Marché de Yéguéré,11.17,-4.31,05:57,18:47,"1h10 en semaine, 2h dim/fériés","05:57, 07:07, 08:17, 09:27, 10:37, 11:47, 12:57, 14:07"
Bobo-Dioulasso,Ligne 3,Ordinaire,Terminus Station Petro Sar (Route de Bama) → Place Tiéfo Amoro,6,Boulangerie Wend Konta,11.172,-4.307,06:00,18:50,"1h10 en semaine, 2h dim/fériés","06:00, 07:10, 08:20, 09:30, 10:40, 11:50, 13:00, 14:10"
Bobo-Dioulasso,Ligne 3,Ordinaire,Terminus Station Petro Sar (Route de Bama) → Place Tiéfo Amoro,7,Lycée Notre Dame de la Providence,11.174,-4.304,06:03,18:53,"1h10 en semaine, 2h dim/fériés","06:03, 07:13, 08:23, 09:33, 10:43, 11:53, 13:03, 14:13"
Bobo-Dioulasso,Ligne 3,Ordinaire,Terminus Station Petro Sar (Route de Bama) → Place Tiéfo Amoro,8,Station ACCES OIL,11.175,-4.302,06:06,18:56,"1h10 en semaine, 2h dim/fériés","06:06, 07:16, 08:26, 09:36, 10:46, 11:56, 13:06, 14:16"
Bobo-Dioulasso,Ligne 3,Ordinaire,Terminus Station Petro Sar (Route de Bama) → Place Tiéfo Amoro,9,CNRST,11.176,-4.3,06:09,18:59,"1h10 en semaine, 2h dim/fériés","06:09, 07:19, 08:29, 09:39, 10:49, 11:59, 13:09, 14:19"
Bobo-Dioulasso,Ligne 3,Ordinaire,Terminus Station Petro Sar (Route de Bama) → Place Tiéfo Amoro,10,Commissariat de police Houet,11.177,-4.299,06:12,19:02,"1h10 en semaine, 2h dim/fériés","06:12, 07:22, 08:32, 09:42, 10:52, 12:02, 13:12, 14:22"
Bobo-Dioulasso,Ligne 3,Ordinaire,Terminus Station Petro Sar (Route de Bama) → Place Tiéfo Amoro,11,Arrondissement n°1,11.1775,-4.2985,06:15,19:05,"1h10 en semaine, 2h dim/fériés","06:15, 07:25, 08:35, 09:45, 10:55, 12:05, 13:15, 14:25"
Bobo-Dioulasso,Ligne 3,Ordinaire,Terminus Station Petro Sar (Route de Bama) → Place Tiéfo Amoro,12,Boutique Apsonic,11.1778,-4.2982,06:18,19:08,"1h10 en semaine, 2h dim/fériés","06:18, 07:28, 08:38, 09:48, 10:58, 12:08, 13:18, 14:28"
Bobo-Dioulasso,Ligne 3,Ordinaire,Terminus Station Petro Sar (Route de Bama) → Place Tiéfo Amoro,13,La POSTE Hamdalaye,11.178,-4.298,06:21,19:11,"1h10 en semaine, 2h dim/fériés","06:21, 07:31, 08:41, 09:51, 11:01, 12:11, 13:21, 14:31"
Bobo-Dioulasso,Ligne 3,Ordinaire,Terminus Station Petro Sar (Route de Bama) → Place Tiéfo Amoro,14,Total SITARAIL,11.1783,-4.2978,06:24,19:14,"1h10 en semaine, 2h dim/fériés","06:24, 07:34, 08:44, 09:54, 11:04, 12:14, 13:24, 14:34"
Bobo-Dioulasso,Ligne 3,Ordinaire,Terminus Station Petro Sar (Route de Bama) → Place Tiéfo Amoro,15,Place Tiéfo Amoro,11.1785,-4.2975,06:27,19:17,"1h10 en semaine, 2h dim/fériés","06:27, 07:37, 08:47, 09:57, 11:07, 12:17, 13:27, 14:37"
Bobo-Dioulasso,Ligne 4,Ordinaire,Terminus Station Oryx (Route de Ouagadougou) → Place Tiéfo Amoro,1,Station Oryx Route Ouaga,11.21,-4.26,05:45,18:35,"1h10 en semaine, 2h dim/fériés","05:45, 06:55, 08:05, 09:15, 10:25, 11:35, 12:45, 13:55"
Bobo-Dioulasso,Ligne 4,Ordinaire,Terminus Station Oryx (Route de Ouagadougou) → Place Tiéfo Amoro,2,Cité Ouezzinville,11.205,-4.265,05:48,18:38,"1h10 en semaine, 2h dim/fériés","05:48, 06:58, 08:08, 09:18, 10:28, 11:38, 12:48, 13:58"
Bobo-Dioulasso,Ligne 4,Ordinaire,Terminus Station Oryx (Route de Ouagadougou) → Place Tiéfo Amoro,3,Avenue de l'Union Européenne,11.195,-4.275,05:51,18:41,"1h10 en semaine, 2h dim/fériés","05:51, 07:01, 08:11, 09:21, 10:31, 11:41, 12:51, 14:01"
Bobo-Dioulasso,Ligne 4,Ordinaire,Terminus Station Oryx (Route de Ouagadougou) → Place Tiéfo Amoro,4,Place de la femme,11.19,-4.28,05:54,18:44,"1h10 en semaine, 2h dim/fériés","05:54, 07:04, 08:14, 09:24, 10:34, 11:44, 12:54, 14:04"
Bobo-Dioulasso,Ligne 4,Ordinaire,Terminus Station Oryx (Route de Ouagadougou) → Place Tiéfo Amoro,5,Boulevard de l'Indépendance,11.185,-4.29,05:57,18:47,"1h10 en semaine, 2h dim/fériés","05:57, 07:07, 08:17, 09:27, 10:37, 11:47, 12:57, 14:07"
Bobo-Dioulasso,Ligne 4,Ordinaire,Terminus Station Oryx (Route de Ouagadougou) → Place Tiéfo Amoro,6,Stade Wobi,11.18,-4.292,06:00,18:50,"1h10 en semaine, 2h dim/fériés","06:00, 07:10, 08:20, 09:30, 10:40, 11:50, 13:00, 14:10"
Bobo-Dioulasso,Ligne 4,Ordinaire,Terminus Station Oryx (Route de Ouagadougou) → Place Tiéfo Amoro,7,Place Tiéfo Amoro,11.1785,-4.2975,06:03,18:53,"1h10 en semaine, 2h dim/fériés","06:03, 07:13, 08:23, 09:33, 10:43, 11:53, 13:03, 14:13"
Bobo-Dioulasso,Ligne 5,Ordinaire,Terminus Dépôt pharmaceutique Farako Ba → Place Tiéfo Amoro,1,Dépôt pharmaceutique Farako Ba,11.14,-4.31,05:45,18:35,"1h10 en semaine, 2h dim/fériés","05:45, 06:55, 08:05, 09:15, 10:25, 11:35, 12:45, 13:55"
Bobo-Dioulasso,Ligne 5,Ordinaire,Terminus Dépôt pharmaceutique Farako Ba → Place Tiéfo Amoro,2,Centre Agricole Polyvalent Matourkou,11.145,-4.305,05:48,18:38,"1h10 en semaine, 2h dim/fériés","05:48, 06:58, 08:08, 09:18, 10:28, 11:38, 12:48, 13:58"
Bobo-Dioulasso,Ligne 5,Ordinaire,Terminus Dépôt pharmaceutique Farako Ba → Place Tiéfo Amoro,3,Avenue Sangoulé Lamizana,11.15,-4.3,05:51,18:41,"1h10 en semaine, 2h dim/fériés","05:51, 07:01, 08:11, 09:21, 10:31, 11:41, 12:51, 14:01"
Bobo-Dioulasso,Ligne 5,Ordinaire,Terminus Dépôt pharmaceutique Farako Ba → Place Tiéfo Amoro,4,Avenue de l'Indépendance,11.16,-4.295,05:54,18:44,"1h10 en semaine, 2h dim/fériés","05:54, 07:04, 08:14, 09:24, 10:34, 11:44, 12:54, 14:04"
Bobo-Dioulasso,Ligne 5,Ordinaire,Terminus Dépôt pharmaceutique Farako Ba → Place Tiéfo Amoro,5,Rond-point de la Nation,11.17,-4.29,05:57,18:47,"1h10 en semaine, 2h dim/fériés","05:57, 07:07, 08:17, 09:27, 10:37, 11:47, 12:57, 14:07"
Bobo-Dioulasso,Ligne 5,Ordinaire,Terminus Dépôt pharmaceutique Farako Ba → Place Tiéfo Amoro,6,Avenue de la Nation,11.175,-4.295,06:00,18:50,"1h10 en semaine, 2h dim/fériés","06:00, 07:10, 08:20, 09:30, 10:40, 11:50, 13:00, 14:10"
Bobo-Dioulasso,Ligne 5,Ordinaire,Terminus Dépôt pharmaceutique Farako Ba → Place Tiéfo Amoro,7,Place Tiéfo Amoro,11.1785,-4.2975,06:03,18:53,"1h10 en semaine, 2h dim/fériés","06:03, 07:13, 08:23, 09:33, 10:43, 11:53, 13:03, 14:13"
Bobo-Dioulasso,Ligne 6,Ordinaire,Terminus Logements sociaux de Ouezzinville → Place Tiéfo Amoro,1,Logements sociaux Ouezzinville,11.22,-4.25,05:45,18:35,"1h10 en semaine, 2h dim/fériés","05:45, 06:55, 08:05, 09:15, 10:25, 11:35, 12:45, 13:55"
Bobo-Dioulasso,Ligne 6,Ordinaire,Terminus Logements sociaux de Ouezzinville → Place Tiéfo Amoro,2,Marché Ouezzinville,11.215,-4.255,05:48,18:38,"1h10 en semaine, 2h dim/fériés","05:48, 06:58, 08:08, 09:18, 10:28, 11:38, 12:48, 13:58"
Bobo-Dioulasso,Ligne 6,Ordinaire,Terminus Logements sociaux de Ouezzinville → Place Tiéfo Amoro,3,Cité résidentielle,11.21,-4.26,05:51,18:41,"1h10 en semaine, 2h dim/fériés","05:51, 07:01, 08:11, 09:21, 10:31, 11:41, 12:51, 14:01"
Bobo-Dioulasso,Ligne 6,Ordinaire,Terminus Logements sociaux de Ouezzinville → Place Tiéfo Amoro,4,Boulevard principal,11.2,-4.27,05:54,18:44,"1h10 en semaine, 2h dim/fériés","05:54, 07:04, 08:14, 09:24, 10:34, 11:44, 12:54, 14:04"
Bobo-Dioulasso,Ligne 6,Ordinaire,Terminus Logements sociaux de Ouezzinville → Place Tiéfo Amoro,5,Place de la femme,11.19,-4.28,05:57,18:47,"1h10 en semaine, 2h dim/fériés","05:57, 07:07, 08:17, 09:27, 10:37, 11:47, 12:57, 14:07"
Bobo-Dioulasso,Ligne 6,Ordinaire,Terminus Logements sociaux de Ouezzinville → Place Tiéfo Amoro,6,Avenue de la Nation,11.182,-4.29,06:00,18:50,"1h10 en semaine, 2h dim/fériés","06:00, 07:10, 08:20, 09:30, 10:40, 11:50, 13:00, 14:10"
Bobo-Dioulasso,Ligne 6,Ordinaire,Terminus Logements sociaux de Ouezzinville → Place Tiéfo Amoro,7,Place Tiéfo Amoro,11.1785,-4.2975,06:03,18:53,"1h10 en semaine, 2h dim/fériés","06:03, 07:13, 08:23, 09:33, 10:43, 11:53, 13:03, 14:13"
Bobo-Dioulasso,Ligne 7,Ordinaire,Terminus CSPS de Santidougou → Place Tiéfo Amoro,1,CSPS Santidougou,11.13,-4.33,05:45,18:35,"1h10 en semaine, 2h dim/fériés","05:45, 06:55, 08:05, 09:15, 10:25, 11:35, 12:45, 13:55"
Bobo-Dioulasso,Ligne 7,Ordinaire,Terminus CSPS de Santidougou → Place Tiéfo Amoro,2,Marché Santidougou,11.135,-4.325,05:48,18:38,"1h10 en semaine, 2h dim/fériés","05:48, 06:58, 08:08, 09:18, 10:28, 11:38, 12:48, 13:58"
Bobo-Dioulasso,Ligne 7,Ordinaire,Terminus CSPS de Santidougou → Place Tiéfo Amoro,3,Quartier résidentiel,11.14,-4.32,05:51,18:41,"1h10 en semaine, 2h dim/fériés","05:51, 07:01, 08:11, 09:21, 10:31, 11:41, 12:51, 14:01"
Bobo-Dioulasso,Ligne 7,Ordinaire,Terminus CSPS de Santidougou → Place Tiéfo Amoro,4,Avenue centrale,11.15,-4.31,05:54,18:44,"1h10 en semaine, 2h dim/fériés","05:54, 07:04, 08:14, 09:24, 10:34, 11:44, 12:54, 14:04"
Bobo-Dioulasso,Ligne 7,Ordinaire,Terminus CSPS de Santidougou → Place Tiéfo Amoro,5,Rond-point Sud,11.16,-4.3,05:57,18:47,"1h10 en semaine, 2h dim/fériés","05:57, 07:07, 08:17, 09:27, 10:37, 11:47, 12:57, 14:07"
Bobo-Dioulasso,Ligne 7,Ordinaire,Terminus CSPS de Santidougou → Place Tiéfo Amoro,6,Boulevard de l'Indépendance,11.17,-4.295,06:00,18:50,"1h10 en semaine, 2h dim/fériés","06:00, 07:10, 08:20, 09:30, 10:40, 11:50, 13:00, 14:10"
Bobo-Dioulasso,Ligne 7,Ordinaire,Terminus CSPS de Santidougou → Place Tiéfo Amoro,7,Place Tiéfo Amoro,11.1785,-4.2975,06:03,18:53,"1h10 en semaine, 2h dim/fériés","06:03, 07:13, 08:23, 09:33, 10:43, 11:53, 13:03, 14:13"
Bobo-Dioulasso,Ligne 11,Ordinaire,Terminus UCAO siège → Belle ville (via Tiéfo Amoro),1,Terminus UCAO siège,11.165,-4.31,05:45,18:35,"1h10 en semaine, 2h dim/fériés","05:45, 06:55, 08:05, 09:15, 10:25, 11:35, 12:45, 13:55"
Bobo-Dioulasso,Ligne 11,Ordinaire,Terminus UCAO siège → Belle ville (via Tiéfo Amoro),2,Pharmacie Becy,11.168,-4.307,05:48,18:38,"1h10 en semaine, 2h dim/fériés","05:48, 06:58, 08:08, 09:18, 10:28, 11:38, 12:48, 13:58"
Bobo-Dioulasso,Ligne 11,Ordinaire,Terminus UCAO siège → Belle ville (via Tiéfo Amoro),3,Boulangerie Weed Konta,11.17,-4.305,05:51,18:41,"1h10 en semaine, 2h dim/fériés","05:51, 07:01, 08:11, 09:21, 10:31, 11:41, 12:51, 14:01"
Bobo-Dioulasso,Ligne 11,Ordinaire,Terminus UCAO siège → Belle ville (via Tiéfo Amoro),4,Station Acces,11.172,-4.303,05:54,18:44,"1h10 en semaine, 2h dim/fériés","05:54, 07:04, 08:14, 09:24, 10:34, 11:44, 12:54, 14:04"
Bobo-Dioulasso,Ligne 11,Ordinaire,Terminus UCAO siège → Belle ville (via Tiéfo Amoro),5,Château d'eau,11.174,-4.301,05:57,18:47,"1h10 en semaine, 2h dim/fériés","05:57, 07:07, 08:17, 09:27, 10:37, 11:47, 12:57, 14:07"
Bobo-Dioulasso,Ligne 11,Ordinaire,Terminus UCAO siège → Belle ville (via Tiéfo Amoro),6,ONEA Bolomakote,11.175,-4.3,06:00,18:50,"1h10 en semaine, 2h dim/fériés","06:00, 07:10, 08:20, 09:30, 10:40, 11:50, 13:00, 14:10"
Bobo-Dioulasso,Ligne 11,Ordinaire,Terminus UCAO siège → Belle ville (via Tiéfo Amoro),7,CESAO,11.176,-4.299,06:03,18:53,"1h10 en semaine, 2h dim/fériés","06:03, 07:13, 08:23, 09:33, 10:43, 11:53, 13:03, 14:13"
Bobo-Dioulasso,Ligne 11,Ordinaire,Terminus UCAO siège → Belle ville (via Tiéfo Amoro),8,SONAGESS,11.177,-4.2985,06:06,18:56,"1h10 en semaine, 2h dim/fériés","06:06, 07:16, 08:26, 09:36, 10:46, 11:56, 13:06, 14:16"
Bobo-Dioulasso,Ligne 11,Ordinaire,Terminus UCAO siège → Belle ville (via Tiéfo Amoro),9,Sapeurs Pompiers,11.1775,-4.2982,06:09,18:59,"1h10 en semaine, 2h dim/fériés","06:09, 07:19, 08:29, 09:39, 10:49, 11:59, 13:09, 14:19"
Bobo-Dioulasso,Ligne 11,Ordinaire,Terminus UCAO siège → Belle ville (via Tiéfo Amoro),10,Station Shell Bolomakote,11.1778,-4.298,06:12,19:02,"1h10 en semaine, 2h dim/fériés","06:12, 07:22, 08:32, 09:42, 10:52, 12:02, 13:12, 14:22"
Bobo-Dioulasso,Ligne 11,Ordinaire,Terminus UCAO siège → Belle ville (via Tiéfo Amoro),11,LONAB,11.1782,-4.2978,06:15,19:05,"1h10 en semaine, 2h dim/fériés","06:15, 07:25, 08:35, 09:45, 10:55, 12:05, 13:15, 14:25"
Bobo-Dioulasso,Ligne 11,Ordinaire,Terminus UCAO siège → Belle ville (via Tiéfo Amoro),12,SONABEL,11.1784,-4.2976,06:18,19:08,"1h10 en semaine, 2h dim/fériés","06:18, 07:28, 08:38, 09:48, 10:58, 12:08, 13:18, 14:28"
Bobo-Dioulasso,Ligne 11,Ordinaire,Terminus UCAO siège → Belle ville (via Tiéfo Amoro),13,Place Tiéfo Amoro,11.1785,-4.2975,06:21,19:11,"1h10 en semaine, 2h dim/fériés","06:21, 07:31, 08:41, 09:51, 11:01, 12:11, 13:21, 14:31"
Bobo-Dioulasso,Ligne 11,Ordinaire,Terminus UCAO siège → Belle ville (via Tiéfo Amoro),14,BCEAO,11.18,-4.296,06:24,19:14,"1h10 en semaine, 2h dim/fériés","06:24, 07:34, 08:44, 09:54, 11:04, 12:14, 13:24, 14:34"
Bobo-Dioulasso,Ligne 11,Ordinaire,Terminus UCAO siège → Belle ville (via Tiéfo Amoro),15,Gare Rahimo,11.182,-4.294,06:27,19:17,"1h10 en semaine, 2h dim/fériés","06:27, 07:37, 08:47, 09:57, 11:07, 12:17, 13:27, 14:37"
Bobo-Dioulasso,Ligne 11,Ordinaire,Terminus UCAO siège → Belle ville (via Tiéfo Amoro),16,Station Petrofa,11.185,-4.29,06:30,19:20,"1h10 en semaine, 2h dim/fériés","06:30, 07:40, 08:50, 10:00, 11:10, 12:20, 13:30, 14:40"
Bobo-Dioulasso,Ligne 11,Ordinaire,Terminus UCAO siège → Belle ville (via Tiéfo Amoro),17,BRAKINA,11.187,-4.288,06:33,19:23,"1h10 en semaine, 2h dim/fériés","06:33, 07:43, 08:53, 10:03, 11:13, 12:23, 13:33, 14:43"
Bobo-Dioulasso,Ligne 11,Ordinaire,Terminus UCAO siège → Belle ville (via Tiéfo Amoro),18,Centre des Calculs,11.189,-4.285,06:36,19:26,"1h10 en semaine, 2h dim/fériés","06:36, 07:46, 08:56, 10:06, 11:16, 12:26, 13:36, 14:46"
Bobo-Dioulasso,Ligne 11,Ordinaire,Terminus UCAO siège → Belle ville (via Tiéfo Amoro),19,Station Pefan,11.19,-4.283,06:39,19:29,"1h10 en semaine, 2h dim/fériés","06:39, 07:49, 08:59, 10:09, 11:19, 12:29, 13:39, 14:49"
Bobo-Dioulasso,Ligne 11,Ordinaire,Terminus UCAO siège → Belle ville (via Tiéfo Amoro),20,Mont Carmel,11.192,-4.28,06:42,19:32,"1h10 en semaine, 2h dim/fériés","06:42, 07:52, 09:02, 10:12, 11:22, 12:32, 13:42, 14:52"
Bobo-Dioulasso,Ligne 11,Ordinaire,Terminus UCAO siège → Belle ville (via Tiéfo Amoro),21,INSSA,11.195,-4.275,06:45,19:35,"1h10 en semaine, 2h dim/fériés","06:45, 07:55, 09:05, 10:15, 11:25, 12:35, 13:45, 14:55"
Bobo-Dioulasso,Ligne 11,Ordinaire,Terminus UCAO siège → Belle ville (via Tiéfo Amoro),22,Belle ville,11.198,-4.27,06:48,19:38,"1h10 en semaine, 2h dim/fériés","06:48, 07:58, 09:08, 10:18, 11:28, 12:38, 13:48, 14:58"
Bobo-Dioulasso,Spéciale A,Spéciale Étudiants,Station Shell Place de la femme (Sarfalao) → Université Nazi Boni,1,Station Shell Place de la femme (Sarfalao),11.19,-4.28,06:30,15:30,1h,"06:30, 07:30, 08:30, 09:30, 10:30, 11:30, 12:30, 13:30"
Bobo-Dioulasso,Spéciale A,Spéciale Étudiants,Station Shell Place de la femme (Sarfalao) → Université Nazi Boni,2,ENEP,11.192,-4.278,06:32,15:32,1h,"06:32, 07:32, 08:32, 09:32, 10:32, 11:32, 12:32, 13:32"
Bobo-Dioulasso,Spéciale A,Spéciale Étudiants,Station Shell Place de la femme (Sarfalao) → Université Nazi Boni,3,Maison de la culture,11.185,-4.285,06:34,15:34,1h,"06:34, 07:34, 08:34, 09:34, 10:34, 11:34, 12:34, 13:34"
Bobo-Dioulasso,Spéciale A,Spéciale Étudiants,Station Shell Place de la femme (Sarfalao) → Université Nazi Boni,4,Place du cinquantenaire,11.182,-4.29,06:36,15:36,1h,"06:36, 07:36, 08:36, 09:36, 10:36, 11:36, 12:36, 13:36"
Bobo-Dioulasso,Spéciale A,Spéciale Étudiants,Station Shell Place de la femme (Sarfalao) → Université Nazi Boni,5,Tiéfo Amoro,11.1785,-4.2975,06:38,15:38,1h,"06:38, 07:38, 08:38, 09:38, 10:38, 11:38, 12:38, 13:38"
Bobo-Dioulasso,Spéciale A,Spéciale Étudiants,Station Shell Place de la femme (Sarfalao) → Université Nazi Boni,6,BCEAO,11.18,-4.296,06:40,15:40,1h,"06:40, 07:40, 08:40, 09:40, 10:40, 11:40, 12:40, 13:40"
Bobo-Dioulasso,Spéciale A,Spéciale Étudiants,Station Shell Place de la femme (Sarfalao) → Université Nazi Boni,7,Cité universitaire Belle ville,11.195,-4.275,06:42,15:42,1h,"06:42, 07:42, 08:42, 09:42, 10:42, 11:42, 12:42, 13:42"
Bobo-Dioulasso,Spéciale A,Spéciale Étudiants,Station Shell Place de la femme (Sarfalao) → Université Nazi Boni,8,Université Nazi Boni,11.21,-4.25,06:44,15:44,1h,"06:44, 07:44, 08:44, 09:44, 10:44, 11:44, 12:44, 13:44"
Bobo-Dioulasso,Spéciale B,Spéciale Étudiants,Terminus Medersa Salam → Université Nazi Boni de Nasso,1,Terminus Medersa Salam,11.15,-4.32,06:30,15:30,1h,"06:30, 07:30, 08:30, 09:30, 10:30, 11:30, 12:30, 13:30"
Bobo-Dioulasso,Spéciale B,Spéciale Étudiants,Terminus Medersa Salam → Université Nazi Boni de Nasso,2,Avenue Nelson Mandela,11.16,-4.31,06:32,15:32,1h,"06:32, 07:32, 08:32, 09:32, 10:32, 11:32, 12:32, 13:32"
Bobo-Dioulasso,Spéciale B,Spéciale Étudiants,Terminus Medersa Salam → Université Nazi Boni de Nasso,3,Rond-point de la femme,11.17,-4.3,06:34,15:34,1h,"06:34, 07:34, 08:34, 09:34, 10:34, 11:34, 12:34, 13:34"
Bobo-Dioulasso,Spéciale B,Spéciale Étudiants,Terminus Medersa Salam → Université Nazi Boni de Nasso,4,Boulevard de l'indépendance,11.175,-4.295,06:36,15:36,1h,"06:36, 07:36, 08:36, 09:36, 10:36, 11:36, 12:36, 13:36"
Bobo-Dioulasso,Spéciale B,Spéciale Étudiants,Terminus Medersa Salam → Université Nazi Boni de Nasso,5,Pharmacie HAYAT,11.182,-4.29,06:38,15:38,1h,"06:38, 07:38, 08:38, 09:38, 10:38, 11:38, 12:38, 13:38"
Bobo-Dioulasso,Spéciale B,Spéciale Étudiants,Terminus Medersa Salam → Université Nazi Boni de Nasso,6,Cité universitaire,11.195,-4.275,06:40,15:40,1h,"06:40, 07:40, 08:40, 09:40, 10:40, 11:40, 12:40, 13:40"
Bobo-Dioulasso,Spéciale B,Spéciale Étudiants,Terminus Medersa Salam → Université Nazi Boni de Nasso,7,Université Nazi Boni de Nasso,11.22,-4.24,06:42,15:42,1h,"06:42, 07:42, 08:42, 09:42, 10:42, 11:42, 12:42, 13:42"
Bobo-Dioulasso,Spéciale C,Spéciale Étudiants,Station Total route Ouaga → Université Nazi Boni,1,Station Total route Ouaga,11.21,-4.26,06:30,15:30,1h,"06:30, 07:30, 08:30, 09:30, 10:30, 11:30, 12:30, 13:30"
Bobo-Dioulasso,Spéciale C,Spéciale Étudiants,Station Total route Ouaga → Université Nazi Boni,2,Place de la femme,11.19,-4.28,06:32,15:32,1h,"06:32, 07:32, 08:32, 09:32, 10:32, 11:32, 12:32, 13:32"
Bobo-Dioulasso,Spéciale C,Spéciale Étudiants,Station Total route Ouaga → Université Nazi Boni,3,Shell Bindougousso,11.185,-4.285,06:34,15:34,1h,"06:34, 07:34, 08:34, 09:34, 10:34, 11:34, 12:34, 13:34"
Bobo-Dioulasso,Spéciale C,Spéciale Étudiants,Station Total route Ouaga → Université Nazi Boni,4,Amphi du 22,11.182,-4.29,06:36,15:36,1h,"06:36, 07:36, 08:36, 09:36, 10:36, 11:36, 12:36, 13:36"
Bobo-Dioulasso,Spéciale C,Spéciale Étudiants,Station Total route Ouaga → Université Nazi Boni,5,Cité universitaire,11.195,-4.275,06:38,15:38,1h,"06:38, 07:38, 08:38, 09:38, 10:38, 11:38, 12:38, 13:38"
Bobo-Dioulasso,Spéciale C,Spéciale Étudiants,Station Total route Ouaga → Université Nazi Boni,6,Université Nazi Boni,11.21,-4.25,06:40,15:40,1h,"06:40, 07:40, 08:40, 09:40, 10:40, 11:40, 12:40, 13:40"
Bobo-Dioulasso,Bobo-Bama,Intercommunale,Bobo-Dioulasso → Bama,1,Place Tiéfo Amoro,11.1785,-4.2975,06:00,16:30,1h30,"06:00, 07:30, 09:00, 10:30, 12:00, 13:30"
Bobo-Dioulasso,Bobo-Bama,Intercommunale,Bobo-Dioulasso → Bama,2,Route de Bama,11.16,-4.32,06:05,16:35,1h30,"06:05, 07:35, 09:05, 10:35, 12:05, 13:35"
Bobo-Dioulasso,Bobo-Bama,Intercommunale,Bobo-Dioulasso → Bama,3,Banakélédaga,11.14,-4.35,06:10,16:40,1h30,"06:10, 07:40, 09:10, 10:40, 12:10, 13:40"
Bobo-Dioulasso,Bobo-Bama,Intercommunale,Bobo-Dioulasso → Bama,4,Carrefour intermédiaire,11.12,-4.38,06:15,16:45,1h30,"06:15, 07:45, 09:15, 10:45, 12:15, 13:45"
Bobo-Dioulasso,Bobo-Bama,Intercommunale,Bobo-Dioulasso → Bama,5,Bama centre,11.08,-4.42,06:20,16:50,1h30,"06:20, 07:50, 09:20, 10:50, 12:20, 13:50"
Koudougou,Ligne K1 (Ligne 6),Ordinaire,Terminus Lycée WendSongda (Route de Yako) → Terminus central,1,Terminus Lycée WendSongda,12.25,-2.364,06:00,18:50,1h10,"06:00, 07:10, 08:20, 09:30, 10:40, 11:50, 13:00, 14:10"
Koudougou,Ligne K1 (Ligne 6),Ordinaire,Terminus Lycée WendSongda (Route de Yako) → Terminus central,2,Route de Yako,12.248,-2.363,06:03,18:53,1h10,"06:03, 07:13, 08:23, 09:33, 10:43, 11:53, 13:03, 14:13"
Koudougou,Ligne K1 (Ligne 6),Ordinaire,Terminus Lycée WendSongda (Route de Yako) → Terminus central,3,Hôpital de l'Amitié,12.255,-2.36,06:06,18:56,1h10,"06:06, 07:16, 08:26, 09:36, 10:46, 11:56, 13:06, 14:16"
Koudougou,Ligne K1 (Ligne 6),Ordinaire,Terminus Lycée WendSongda (Route de Yako) → Terminus central,4,Cathédrale,12.254,-2.3615,06:09,18:59,1h10,"06:09, 07:19, 08:29, 09:39, 10:49, 11:59, 13:09, 14:19"
Koudougou,Ligne K1 (Ligne 6),Ordinaire,Terminus Lycée WendSongda (Route de Yako) → Terminus central,5,SONAPOST,12.253,-2.362,06:12,19:02,1h10,"06:12, 07:22, 08:32, 09:42, 10:52, 12:02, 13:12, 14:22"
Koudougou,Ligne K1 (Ligne 6),Ordinaire,Terminus Lycée WendSongda (Route de Yako) → Terminus central,6,SONABEL,12.2525,-2.3622,06:15,19:05,1h10,"06:15, 07:25, 08:35, 09:45, 10:55, 12:05, 13:15, 14:25"
Koudougou,Ligne K1 (Ligne 6),Ordinaire,Terminus Lycée WendSongda (Route de Yako) → Terminus central,7,Marché du Bourkina,12.252,-2.3625,06:18,19:08,1h10,"06:18, 07:28, 08:38, 09:48, 10:58, 12:08, 13:18, 14:28"
Koudougou,Ligne K1 (Ligne 6),Ordinaire,Terminus Lycée WendSongda (Route de Yako) → Terminus central,8,Hôtel Ramongwendé,12.2518,-2.3628,06:21,19:11,1h10,"06:21, 07:31, 08:41, 09:51, 11:01, 12:11, 13:21, 14:31"
Koudougou,Ligne K1 (Ligne 6),Ordinaire,Terminus Lycée WendSongda (Route de Yako) → Terminus central,9,Terminus central,12.2515,-2.363,06:24,19:14,1h10,"06:24, 07:34, 08:44, 09:54, 11:04, 12:14, 13:24, 14:34"
Koudougou,Ligne K2 (Ligne 7),Ordinaire,Terminus site de concassage granite → Terminus central,1,Site de concassage granite,12.27,-2.35,06:00,18:50,1h10,"06:00, 07:10, 08:20, 09:30, 10:40, 11:50, 13:00, 14:10"
Koudougou,Ligne K2 (Ligne 7),Ordinaire,Terminus site de concassage granite → Terminus central,2,Collège Moukassa,12.265,-2.355,06:03,18:53,1h10,"06:03, 07:13, 08:23, 09:33, 10:43, 11:53, 13:03, 14:13"
Koudougou,Ligne K2 (Ligne 7),Ordinaire,Terminus site de concassage granite → Terminus central,3,Palais royal,12.26,-2.359,06:06,18:56,1h10,"06:06, 07:16, 08:26, 09:36, 10:46, 11:56, 13:06, 14:16"
Koudougou,Ligne K2 (Ligne 7),Ordinaire,Terminus site de concassage granite → Terminus central,4,Petit séminaire,12.257,-2.361,06:09,18:59,1h10,"06:09, 07:19, 08:29, 09:39, 10:49, 11:59, 13:09, 14:19"
Koudougou,Ligne K2 (Ligne 7),Ordinaire,Terminus site de concassage granite → Terminus central,5,Association Village Laafi,12.254,-2.362,06:12,19:02,1h10,"06:12, 07:22, 08:32, 09:42, 10:52, 12:02, 13:12, 14:22"
Koudougou,Ligne K2 (Ligne 7),Ordinaire,Terminus site de concassage granite → Terminus central,6,Terminus central,12.2515,-2.363,06:15,19:05,1h10,"06:15, 07:25, 08:35, 09:45, 10:55, 12:05, 13:15, 14:25"
Koudougou,Ligne 1,Ordinaire,Terminus Cité des forces vives → Université Norbert ZONGO,1,Cité des forces vives,12.24,-2.37,06:00,18:50,1h10,"06:00, 07:10, 08:20, 09:30, 10:40, 11:50, 13:00, 14:10"
Koudougou,Ligne 1,Ordinaire,Terminus Cité des forces vives → Université Norbert ZONGO,2,Marché municipal,12.245,-2.366,06:03,18:53,1h10,"06:03, 07:13, 08:23, 09:33, 10:43, 11:53, 13:03, 14:13"
Koudougou,Ligne 1,Ordinaire,Terminus Cité des forces vives → Université Norbert ZONGO,3,Place de la Nation,12.252,-2.3625,06:06,18:56,1h10,"06:06, 07:16, 08:26, 09:36, 10:46, 11:56, 13:06, 14:16"
Koudougou,Ligne 1,Ordinaire,Terminus Cité des forces vives → Université Norbert ZONGO,4,Boulevard principal,12.255,-2.36,06:09,18:59,1h10,"06:09, 07:19, 08:29, 09:39, 10:49, 11:59, 13:09, 14:19"
Koudougou,Ligne 1,Ordinaire,Terminus Cité des forces vives → Université Norbert ZONGO,5,Campus universitaire,12.26,-2.355,06:12,19:02,1h10,"06:12, 07:22, 08:32, 09:42, 10:52, 12:02, 13:12, 14:22"
Koudougou,Ligne 1,Ordinaire,Terminus Cité des forces vives → Université Norbert ZONGO,6,Université Norbert ZONGO,12.265,-2.35,06:15,19:05,1h10,"06:15, 07:25, 08:35, 09:45, 10:55, 12:05, 13:15, 14:25"
Koudougou,Ligne 1 bis,Ordinaire,Terminus Cité des forces vives → Terminus central,1,Cité des forces vives,12.24,-2.37,06:00,18:50,1h10,"06:00, 07:10, 08:20, 09:30, 10:40, 11:50, 13:00, 14:10"
Koudougou,Ligne 1 bis,Ordinaire,Terminus Cité des forces vives → Terminus central,2,Quartier résidentiel,12.245,-2.366,06:03,18:53,1h10,"06:03, 07:13, 08:23, 09:33, 10:43, 11:53, 13:03, 14:13"
Koudougou,Ligne 1 bis,Ordinaire,Terminus Cité des forces vives → Terminus central,3,Avenue principale,12.248,-2.364,06:06,18:56,1h10,"06:06, 07:16, 08:26, 09:36, 10:46, 11:56, 13:06, 14:16"
Koudougou,Ligne 1 bis,Ordinaire,Terminus Cité des forces vives → Terminus central,4,Marché central,12.2505,-2.3632,06:09,18:59,1h10,"06:09, 07:19, 08:29, 09:39, 10:49, 11:59, 13:09, 14:19"
Koudougou,Ligne 1 bis,Ordinaire,Terminus Cité des forces vives → Terminus central,5,Terminus central,12.2515,-2.363,06:12,19:02,1h10,"06:12, 07:22, 08:32, 09:42, 10:52, 12:02, 13:12, 14:22"
Koudougou,Ligne 3,Ordinaire,Terminus Goundi (route de Dédougou) → Terminus Gare routière,1,Goundi,12.3,-2.4,06:00,18:50,1h10,"06:00, 07:10, 08:20, 09:30, 10:40, 11:50, 13:00, 14:10"
Koudougou,Ligne 3,Ordinaire,Terminus Goundi (route de Dédougou) → Terminus Gare routière,2,Route de Dédougou,12.29,-2.39,06:03,18:53,1h10,"06:03, 07:13, 08:23, 09:33, 10:43, 11:53, 13:03, 14:13"
Koudougou,Ligne 3,Ordinaire,Terminus Goundi (route de Dédougou) → Terminus Gare routière,3,Carrefour Nord,12.28,-2.38,06:06,18:56,1h10,"06:06, 07:16, 08:26, 09:36, 10:46, 11:56, 13:06, 14:16"
Koudougou,Ligne 3,Ordinaire,Terminus Goundi (route de Dédougou) → Terminus Gare routière,4,Centre-ville,12.26,-2.37,06:09,18:59,1h10,"06:09, 07:19, 08:29, 09:39, 10:49, 11:59, 13:09, 14:19"
Koudougou,Ligne 3,Ordinaire,Terminus Goundi (route de Dédougou) → Terminus Gare routière,5,Place centrale,12.255,-2.365,06:12,19:02,1h10,"06:12, 07:22, 08:32, 09:42, 10:52, 12:02, 13:12, 14:22"
Koudougou,Ligne 3,Ordinaire,Terminus Goundi (route de Dédougou) → Terminus Gare routière,6,Terminus Gare routière,12.252,-2.3625,06:15,19:05,1h10,"06:15, 07:25, 08:35, 09:45, 10:55, 12:05, 13:15, 14:25"
Koudougou,Ligne 5,Ordinaire,Terminus RTB (route de Réo) → Terminus site de concassage,1,RTB route de Réo,12.23,-2.35,06:00,18:50,1h10,"06:00, 07:10, 08:20, 09:30, 10:40, 11:50, 13:00, 14:10"
Koudougou,Ligne 5,Ordinaire,Terminus RTB (route de Réo) → Terminus site de concassage,2,Quartier Sud,12.235,-2.355,06:03,18:53,1h10,"06:03, 07:13, 08:23, 09:33, 10:43, 11:53, 13:03, 14:13"
Koudougou,Ligne 5,Ordinaire,Terminus RTB (route de Réo) → Terminus site de concassage,3,Marché du Sud,12.24,-2.358,06:06,18:56,1h10,"06:06, 07:16, 08:26, 09:36, 10:46, 11:56, 13:06, 14:16"
Koudougou,Ligne 5,Ordinaire,Terminus RTB (route de Réo) → Terminus site de concassage,4,Centre commercial,12.25,-2.362,06:09,18:59,1h10,"06:09, 07:19, 08:29, 09:39, 10:49, 11:59, 13:09, 14:19"
Koudougou,Ligne 5,Ordinaire,Terminus RTB (route de Réo) → Terminus site de concassage,5,Zone industrielle,12.26,-2.36,06:12,19:02,1h10,"06:12, 07:22, 08:32, 09:42, 10:52, 12:02, 13:12, 14:22"
Koudougou,Ligne 5,Ordinaire,Terminus RTB (route de Réo) → Terminus site de concassage,6,Terminus site de concassage,12.27,-2.35,06:15,19:05,1h10,"06:15, 07:25, 08:35, 09:45, 10:55, 12:05, 13:15, 14:25"
Koudougou,Koudougou-Réo,Intercommunale,Koudougou → Réo,1,Terminus central Koudougou,12.2515,-2.363,06:30,17:00,1h30,"06:30, 08:00, 09:30, 11:00, 12:30, 14:00"
Koudougou,Koudougou-Réo,Intercommunale,Koudougou → Réo,2,Lycée professionnel,12.254,-2.362,06:35,17:05,1h30,"06:35, 08:05, 09:35, 11:05, 12:35, 14:05"
Koudougou,Koudougou-Réo,Intercommunale,Koudougou → Réo,3,Relais Koudougou,12.26,-2.36,06:40,17:10,1h30,"06:40, 08:10, 09:40, 11:10, 12:40, 14:10"
Koudougou,Koudougou-Réo,Intercommunale,Koudougou → Réo,4,Route de Réo,12.28,-2.34,06:45,17:15,1h30,"06:45, 08:15, 09:45, 11:15, 12:45, 14:15"
Koudougou,Koudougou-Réo,Intercommunale,Koudougou → Réo,5,Marché de Réo,12.35,-2.47,06:50,17:20,1h30,"06:50, 08:20, 09:50, 11:20, 12:50, 14:20"
Koudougou,Koudougou-Sabou,Intercommunale,Koudougou → Sabou,1,Place de la Nation,12.252,-2.3625,06:30,17:00,1h30,"06:30, 08:00, 09:30, 11:00, 12:30, 14:00"
Koudougou,Koudougou-Sabou,Intercommunale,Koudougou → Sabou,2,Moukassa,12.265,-2.355,06:35,17:05,1h30,"06:35, 08:05, 09:35, 11:05, 12:35, 14:05"
Koudougou,Koudougou-Sabou,Intercommunale,Koudougou → Sabou,3,Site de concassage,12.27,-2.35,06:40,17:10,1h30,"06:40, 08:10, 09:40, 11:10, 12:40, 14:10"
Koudougou,Koudougou-Sabou,Intercommunale,Koudougou → Sabou,4,Sourgou,12.29,-2.33,06:45,17:15,1h30,"06:45, 08:15, 09:45, 11:15, 12:45, 14:15"
Koudougou,Koudougou-Sabou,Intercommunale,Koudougou → Sabou,5,Terminus Carrefour Sabou,12.32,-2.3,06:50,17:20,1h30,"06:50, 08:20, 09:50, 11:20, 12:50, 14:20"
Koudougou,Koudougou-Ténado,Intercommunale,Koudougou → Ténado,1,Marché de Ténado,12.4,-2.25,06:30,17:00,1h30,"06:30, 08:00, 09:30, 11:00, 12:30, 14:00"
Koudougou,Koudougou-Ténado,Intercommunale,Koudougou → Ténado,2,Salle des fêtes mairie,12.395,-2.255,06:35,17:05,1h30,"06:35, 08:05, 09:35, 11:05, 12:35, 14:05"
Koudougou,Koudougou-Ténado,Intercommunale,Koudougou → Ténado,3,Route principale,12.35,-2.3,06:40,17:10,1h30,"06:40, 08:10, 09:40, 11:10, 12:40, 14:10"
Koudougou,Koudougou-Ténado,Intercommunale,Koudougou → Ténado,4,Goundi,12.3,-2.4,06:45,17:15,1h30,"06:45, 08:15, 09:45, 11:15, 12:45, 14:15"
Koudougou,Koudougou-Ténado,Intercommunale,Koudougou → Ténado,5,Terminus Koudougou,12.2515,-2.363,06:50,17:20,1h30,"06:50, 08:20, 09:50, 11:20, 12:50, 14:20"
Koudougou,Koudougou-Poa,Intercommunale,Koudougou → Poa,1,Poa mairie,12.45,-2.2,06:30,17:00,1h30,"06:30, 08:00, 09:30, 11:00, 12:30, 14:00"
Koudougou,Koudougou-Poa,Intercommunale,Koudougou → Poa,2,Tiguindela,12.4,-2.25,06:35,17:05,1h30,"06:35, 08:05, 09:35, 11:05, 12:35, 14:05"
Koudougou,Koudougou-Poa,Intercommunale,Koudougou → Poa,3,Église catholique Ramongo,12.35,-2.3,06:40,17:10,1h30,"06:40, 08:10, 09:40, 11:10, 12:40, 14:10"
Koudougou,Koudougou-Poa,Intercommunale,Koudougou → Poa,4,Route République,12.3,-2.33,06:45,17:15,1h30,"06:45, 08:15, 09:45, 11:15, 12:45, 14:15"
Koudougou,Koudougou-Poa,Intercommunale,Koudougou → Poa,5,Place Nation,12.252,-2.3625,06:50,17:20,1h30,"06:50, 08:20, 09:50, 11:20, 12:50, 14:20"
Koudougou,Koudougou-Poa,Intercommunale,Koudougou → Poa,6,Terminus central Koudougou,12.2515,-2.363,06:55,17:25,1h30,"06:55, 08:25, 09:55, 11:25, 12:55, 14:25"
Ouahigouya,LO1,Ordinaire,Terminus Wend Pouiré → Collège privé Vénégré,1,Terminus Wend Pouiré,13.58,-2.41,06:00,16:30,1h10,"06:00, 07:10, 08:20, 09:30, 10:40, 11:50, 13:00, 14:10"
Ouahigouya,LO1,Ordinaire,Terminus Wend Pouiré → Collège privé Vénégré,2,Lycée Yadéga,13.578,-2.409,06:02,16:32,1h10,"06:02, 07:12, 08:22, 09:32, 10:42, 11:52, 13:02, 14:12"
Ouahigouya,LO1,Ordinaire,Terminus Wend Pouiré → Collège privé Vénégré,3,Grand marché,13.575,-2.407,06:04,16:34,1h10,"06:04, 07:14, 08:24, 09:34, 10:44, 11:54, 13:04, 14:14"
Ouahigouya,LO1,Ordinaire,Terminus Wend Pouiré → Collège privé Vénégré,4,Place de la nation,13.573,-2.405,06:06,16:36,1h10,"06:06, 07:16, 08:26, 09:36, 10:46, 11:56, 13:06, 14:16"
Ouahigouya,LO1,Ordinaire,Terminus Wend Pouiré → Collège privé Vénégré,5,Zone principale,13.572,-2.4045,06:08,16:38,1h10,"06:08, 07:18, 08:28, 09:38, 10:48, 11:58, 13:08, 14:18"
Ouahigouya,LO1,Ordinaire,Terminus Wend Pouiré → Collège privé Vénégré,6,Collège privé Vénégré,13.57,-2.404,06:10,16:40,1h10,"06:10, 07:20, 08:30, 09:40, 10:50, 12:00, 13:10, 14:20"
Ouahigouya,LSE1,Spéciale Étudiants,Terminus université de Ouahigouya → Place de la nation,1,Université de Ouahigouya,13.585,-2.415,06:00,16:30,1h10,"06:00, 07:10, 08:20, 09:30, 10:40, 11:50, 13:00, 14:10"
Ouahigouya,LSE1,Spéciale Étudiants,Terminus université de Ouahigouya → Place de la nation,2,Station April Oil,13.5725,-2.4055,06:02,16:32,1h10,"06:02, 07:12, 08:22, 09:32, 10:42, 11:52, 13:02, 14:12"
Ouahigouya,LSE1,Spéciale Étudiants,Terminus université de Ouahigouya → Place de la nation,3,Gare routière,13.578,-2.408,06:04,16:34,1h10,"06:04, 07:14, 08:24, 09:34, 10:44, 11:54, 13:04, 14:14"
Ouahigouya,LSE1,Spéciale Étudiants,Terminus université de Ouahigouya → Place de la nation,4,Cathédrale,13.576,-2.407,06:06,16:36,1h10,"06:06, 07:16, 08:26, 09:36, 10:46, 11:56, 13:06, 14:16"
Ouahigouya,LSE1,Spéciale Étudiants,Terminus université de Ouahigouya → Place de la nation,5,Coris Bank,13.5745,-2.406,06:08,16:38,1h10,"06:08, 07:18, 08:28, 09:38, 10:48, 11:58, 13:08, 14:18"
Ouahigouya,LSE1,Spéciale Étudiants,Terminus université de Ouahigouya → Place de la nation,6,Moov Africa,13.5735,-2.4052,06:10,16:40,1h10,"06:10, 07:20, 08:30, 09:40, 10:50, 12:00, 13:10, 14:20"
Ouahigouya,LSE1,Spéciale Étudiants,Terminus université de Ouahigouya → Place de la nation,7,Place de la nation,13.573,-2.405,06:12,16:42,1h10,"06:12, 07:22, 08:32, 09:42, 10:52, 12:02, 13:12, 14:22"
Ouahigouya,LSE2,Spéciale Étudiants,Terminus ENEP → Place de la nation,1,Terminus ENEP,13.59,-2.42,06:00,16:30,1h10,"06:00, 07:10, 08:20, 09:30, 10:40, 11:50, 13:00, 14:10"
Ouahigouya,LSE2,Spéciale Étudiants,Terminus ENEP → Place de la nation,2,Lycée professionnel de Ouahigouya,13.587,-2.417,06:02,16:32,1h10,"06:02, 07:12, 08:22, 09:32, 10:42, 11:52, 13:02, 14:12"
Ouahigouya,LSE2,Spéciale Étudiants,Terminus ENEP → Place de la nation,3,Lycée Yamwaya,13.582,-2.412,06:04,16:34,1h10,"06:04, 07:14, 08:24, 09:34, 10:44, 11:54, 13:04, 14:14"
Ouahigouya,LSE2,Spéciale Étudiants,Terminus ENEP → Place de la nation,4,SONAGESS,13.578,-2.409,06:06,16:36,1h10,"06:06, 07:16, 08:26, 09:36, 10:46, 11:56, 13:06, 14:16"
Ouahigouya,LSE2,Spéciale Étudiants,Terminus ENEP → Place de la nation,5,Gouvernorat,13.575,-2.406,06:08,16:38,1h10,"06:08, 07:18, 08:28, 09:38, 10:48, 11:58, 13:08, 14:18"
Ouahigouya,LSE2,Spéciale Étudiants,Terminus ENEP → Place de la nation,6,Place de la nation,13.573,-2.405,06:10,16:40,1h10,"06:10, 07:20, 08:30, 09:40, 10:50, 12:00, 13:10, 14:20"
Ouahigouya,LSE Spéciale n°2,Spéciale Étudiants,Terminus ENEP → Lycée municipal,1,Terminus ENEP,13.59,-2.42,06:00,16:30,1h10,"06:00, 07:10, 08:20, 09:30, 10:40, 11:50, 13:00, 14:10"
Ouahigouya,LSE Spéciale n°2,Spéciale Étudiants,Terminus ENEP → Lycée municipal,2,RN10,13.587,-2.418,06:02,16:32,1h10,"06:02, 07:12, 08:22, 09:32, 10:42, 11:52, 13:02, 14:12"
Ouahigouya,LSE Spéciale n°2,Spéciale Étudiants,Terminus ENEP → Lycée municipal,3,Salle polyvalente,13.584,-2.415,06:04,16:34,1h10,"06:04, 07:14, 08:24, 09:34, 10:44, 11:54, 13:04, 14:14"
Ouahigouya,LSE Spéciale n°2,Spéciale Étudiants,Terminus ENEP → Lycée municipal,4,Cathédrale,13.576,-2.407,06:06,16:36,1h10,"06:06, 07:16, 08:26, 09:36, 10:46, 11:56, 13:06, 14:16"
Ouahigouya,LSE Spéciale n°2,Spéciale Étudiants,Terminus ENEP → Lycée municipal,5,Rond-point Nazi BONI,13.5745,-2.4055,06:08,16:38,1h10,"06:08, 07:18, 08:28, 09:38, 10:48, 11:58, 13:08, 14:18"
Ouahigouya,LSE Spéciale n°2,Spéciale Étudiants,Terminus ENEP → Lycée municipal,6,La Poste,13.5735,-2.4048,06:10,16:40,1h10,"06:10, 07:20, 08:30, 09:40, 10:50, 12:00, 13:10, 14:20"
Ouahigouya,LSE Spéciale n°2,Spéciale Étudiants,Terminus ENEP → Lycée municipal,7,Lieu central,13.573,-2.4045,06:12,16:42,1h10,"06:12, 07:22, 08:32, 09:42, 10:52, 12:02, 13:12, 14:22"
Ouahigouya,LSE Spéciale n°2,Spéciale Étudiants,Terminus ENEP → Lycée municipal,8,Lycée municipal,13.572,-2.404,06:14,16:44,1h10,"06:14, 07:24, 08:34, 09:44, 10:54, 12:04, 13:14, 14:24"
Dédougou,LSE Spéciale n°1,Spéciale Étudiants,Terminus Université de Dédougou → Village de Souri → Rond point Nazi Boni,1,Université de Dédougou,12.461,-3.477,06:30,17:00,1h10,"06:30, 07:40, 08:50, 10:00, 11:10, 12:20, 13:30, 14:40"
Dédougou,LSE Spéciale n°1,Spéciale Étudiants,Terminus Université de Dédougou → Village de Souri → Rond point Nazi Boni,2,Campus universitaire,12.46,-3.476,06:32,17:02,1h10,"06:32, 07:42, 08:52, 10:02, 11:12, 12:22, 13:32, 14:42"
Dédougou,LSE Spéciale n°1,Spéciale Étudiants,Terminus Université de Dédougou → Village de Souri → Rond point Nazi Boni,3,Village de Souri,12.455,-3.47,06:34,17:04,1h10,"06:34, 07:44, 08:54, 10:04, 11:14, 12:24, 13:34, 14:44"
Dédougou,LSE Spéciale n°1,Spéciale Étudiants,Terminus Université de Dédougou → Village de Souri → Rond point Nazi Boni,4,ONEA,12.452,-3.465,06:36,17:06,1h10,"06:36, 07:46, 08:56, 10:06, 11:16, 12:26, 13:36, 14:46"
Dédougou,LSE Spéciale n°1,Spéciale Étudiants,Terminus Université de Dédougou → Village de Souri → Rond point Nazi Boni,5,Gouvernorat,12.45,-3.462,06:38,17:08,1h10,"06:38, 07:48, 08:58, 10:08, 11:18, 12:28, 13:38, 14:48"
Dédougou,LSE Spéciale n°1,Spéciale Étudiants,Terminus Université de Dédougou → Village de Souri → Rond point Nazi Boni,6,Direction Régionale Habitat & Urbanisme,12.448,-3.46,06:40,17:10,1h10,"06:40, 07:50, 09:00, 10:10, 11:20, 12:30, 13:40, 14:50"
Dédougou,LSE Spéciale n°1,Spéciale Étudiants,Terminus Université de Dédougou → Village de Souri → Rond point Nazi Boni,7,Kreis,12.446,-3.458,06:42,17:12,1h10,"06:42, 07:52, 09:02, 10:12, 11:22, 12:32, 13:42, 14:52"
Dédougou,LSE Spéciale n°1,Spéciale Étudiants,Terminus Université de Dédougou → Village de Souri → Rond point Nazi Boni,8,Rond-point Nazi Boni,12.445,-3.457,06:44,17:14,1h10,"06:44, 07:54, 09:04, 10:14, 11:24, 12:34, 13:44, 14:54"
